web-scraper-order,web-scraper-start-url,detail,pagi
1651714130-721,https://wsjkw.sh.gov.cn/yqtb/index.html,上海有3例确诊病例今日出院，共计688例治愈出院,
1651714130-465,https://wsjkw.sh.gov.cn/yqtb/index.html,上海2021年3月9日，无新增本地新冠肺炎确诊病例 新增境外输入2例 治愈出院1例,
1651714130-423,https://wsjkw.sh.gov.cn/yqtb/index.html,上海2021年4月22日，无新增本地新冠肺炎确诊病例 新增境外输入5例 治愈出院4例,
1651714130-757,https://wsjkw.sh.gov.cn/yqtb/index.html,上海6月7日无新增本地新冠肺炎确诊病例 新增境外输入1例,
1651714130-653,https://wsjkw.sh.gov.cn/yqtb/index.html,上海9月3日无新增本地新冠肺炎确诊病例 新增境外输入5例  治愈出院5例,
1651714130-887,https://wsjkw.sh.gov.cn/yqtb/index.html,上海今天又有1例确诊病例痊愈出院，累计331人,
1651714130-82,https://wsjkw.sh.gov.cn/yqtb/index.html,上海2022年3月24日，新增本土新冠肺炎确诊病例29例 新增本土无症状感染者1580例 新增境外输入性新冠肺炎确诊病例12例 新增境外输入性无症状感染者5例 治愈出院63例  解除医学观察无症状感染者209例,
1651714130-849,https://wsjkw.sh.gov.cn/yqtb/index.html,上海有4例确诊病例今日出院，共计489例治愈出院,
1651714130-345,https://wsjkw.sh.gov.cn/yqtb/index.html,上海2021年7月10日，无新增本地新冠肺炎确诊病例 新增境外输入3例 治愈出院2例,
1651714130-848,https://wsjkw.sh.gov.cn/yqtb/index.html,上海4月16日无新增本地新冠肺炎确诊病例 无新增境外输入性新冠肺炎确诊病例 治愈出院4例,
1651714130-316,https://wsjkw.sh.gov.cn/yqtb/index.html,上海2021年8月7日，无新增本地新冠肺炎确诊病例 新增境外输入6例   治愈出院3例,
1651714130-13,https://wsjkw.sh.gov.cn/yqtb/index.html,4月27日（0-24时）本市各区确诊病例、无症状感染者居住地信息,
1651714130-694,https://wsjkw.sh.gov.cn/yqtb/index.html,上海7月27日无新增本地新冠肺炎确诊病例 新增境外输入2例  治愈出院1例,
1651714130-824,https://wsjkw.sh.gov.cn/yqtb/index.html,上海有13例确诊病例今日出院，共计597例治愈出院,
1651714130-113,https://wsjkw.sh.gov.cn/yqtb/index.html,上海2022年2月28日，无新增本土新冠肺炎确诊病例 新增本土无症状感染者3例 新增境外输入性新冠肺炎确诊病例40例 新增境外输入性无症状感染者12例 治愈出院12例,
1651714130-204,https://wsjkw.sh.gov.cn/yqtb/index.html,上海2021年11月27日，无新增本土确诊病例 新增本土无症状感染者1例  新增境外输入5例 治愈出院3例,
1651714130-115,https://wsjkw.sh.gov.cn/yqtb/index.html,上海2022年2月26日，无新增本土新冠肺炎确诊病例 新增本土无症状感染者1例 新增境外输入性新冠肺炎确诊病例43例 新增境外输入性无症状感染者11例 治愈出院11例,
1651714130-421,https://wsjkw.sh.gov.cn/yqtb/index.html,上海2021年4月24日，无新增本地新冠肺炎确诊病例 新增境外输入9例 治愈出院2例,
1651714130-707,https://wsjkw.sh.gov.cn/yqtb/index.html,上海7月17日无新增本地新冠肺炎确诊病例 无新增境外输入性新冠肺炎确诊病例 治愈出院5例,
1651714130-329,https://wsjkw.sh.gov.cn/yqtb/index.html,上海2021年7月26日，无新增本地新冠肺炎确诊病例 新增境外输入4例  治愈出院2例,
1651714130-728,https://wsjkw.sh.gov.cn/yqtb/index.html,上海7月1日无新增本地新冠肺炎确诊病例 新增境外输入1例  治愈出院2例,
1651714130-327,https://wsjkw.sh.gov.cn/yqtb/index.html,上海2021年7月28日，无新增本地新冠肺炎确诊病例 无新增境外输入病例  治愈出院4例,
1651714130-184,https://wsjkw.sh.gov.cn/yqtb/index.html,上海2021年12月21日，无新增本土新冠肺炎确诊病例 新增境外输入5例  治愈出院2例,
1651714130-244,https://wsjkw.sh.gov.cn/yqtb/index.html,上海2021年10月17日，无新增本地新冠肺炎确诊病例 新增境外输入6例  治愈出院5例,
1651714130-314,https://wsjkw.sh.gov.cn/yqtb/index.html,上海2021年8月9日，无新增本地新冠肺炎确诊病例 新增境外输入9例   治愈出院6例,
1651714130-602,https://wsjkw.sh.gov.cn/yqtb/index.html,上海10月24日无新增本地新冠肺炎确诊病例 新增境外输入5例  治愈出院3例,
1651714130-497,https://wsjkw.sh.gov.cn/yqtb/index.html,上海2021年2月3日，新增本地新冠肺炎确诊病例3例 新增境外输入2例  治愈出院10例,
1651714130-133,https://wsjkw.sh.gov.cn/yqtb/index.html,上海2022年2月8日，无新增本土新冠肺炎确诊病例 新增境外输入9例  治愈出院14例 解除医学观察无症状感染者2例,
1651714130-199,https://wsjkw.sh.gov.cn/yqtb/index.html,上海2021年12月7日，新增本土新冠肺炎确诊病例1例 新增境外输入8例  治愈出院2例,
1651714130-269,https://wsjkw.sh.gov.cn/yqtb/index.html,上海2021年9月20日，无新增本地新冠肺炎确诊病例 新增境外输入6例  治愈出院6例,
1651714130-752,https://wsjkw.sh.gov.cn/yqtb/index.html,上海有1例确诊病例今日出院，共计666例治愈出院,
1651714130-528,https://wsjkw.sh.gov.cn/yqtb/index.html,上海2021年1月5日，无新增本地新冠肺炎确诊病例 新增境外输入2例  治愈出院8例,
1651714130-778,https://wsjkw.sh.gov.cn/yqtb/index.html,上海有4例确诊病例今日出院，共计652例治愈出院,
1651714130-712,https://wsjkw.sh.gov.cn/yqtb/index.html,上海7月13日无新增本地新冠肺炎确诊病例 新增境外输入3例  治愈出院1例,
1651714130-756,https://wsjkw.sh.gov.cn/yqtb/index.html,上海6月8日无新增本地新冠肺炎确诊病例 无新增境外输入性新冠肺炎确诊病例,
1651714130-238,https://wsjkw.sh.gov.cn/yqtb/index.html,上海2021年10月22日，无新增本地新冠肺炎确诊病例 新增境外输入3例  治愈出院5例,
1651714130-912,https://wsjkw.sh.gov.cn/yqtb/index.html,上海公布3月12日（0-24时）确诊病例涉及区域和场所情况,
1651714130-419,https://wsjkw.sh.gov.cn/yqtb/index.html,上海2021年4月26日，无新增本地新冠肺炎确诊病例 新增境外输入1例 治愈出院3例,
1651714130-600,https://wsjkw.sh.gov.cn/yqtb/index.html,上海10月26日无新增本地新冠肺炎确诊病例 新增境外输入3例  治愈出院1例,
1651714130-30,https://wsjkw.sh.gov.cn/yqtb/index.html,上海2022年4月19日，新增本土新冠肺炎确诊病例2494例 新增本土无症状感染者16407例 新增境外输入性新冠肺炎确诊病例1例 新增境外输入性无症状感染者1例,
1651714130-307,https://wsjkw.sh.gov.cn/yqtb/index.html,上海2021年8月16日，无新增本地新冠肺炎确诊病例 新增境外输入7例   治愈出院2例,
1651714130-860,https://wsjkw.sh.gov.cn/yqtb/index.html,上海4月10日无新增本地新冠肺炎确诊病例 无新增境外输入性新冠肺炎确诊病例 治愈出院13例,
1651714130-859,https://wsjkw.sh.gov.cn/yqtb/index.html,上海有3例确诊病例今日出院，共计438例治愈出院,
1651714130-949,https://wsjkw.sh.gov.cn/yqtb/index.html,上海有16例确诊病例2月18日出院,
1651714130-847,https://wsjkw.sh.gov.cn/yqtb/index.html,上海有23例确诊病例今日出院，共计512例治愈出院,
1651714130-443,https://wsjkw.sh.gov.cn/yqtb/index.html,上海2021年4月1日，无新增本地新冠肺炎确诊病例 新增境外输入2例 治愈出院1例,
1651714130-529,https://wsjkw.sh.gov.cn/yqtb/index.html,上海2021年1月4日，无新增本地新冠肺炎确诊病例 新增境外输入6例  无治愈出院病例,
1651714130-963,https://wsjkw.sh.gov.cn/yqtb/index.html,快讯！上海又有28例确诊病例今日痊愈出院，目前共90例出院,
1651714130-142,https://wsjkw.sh.gov.cn/yqtb/index.html,上海2022年1月30日，无新增本土新冠肺炎确诊病例 新增境外输入10例  治愈出院23例,
1651714130-995,https://wsjkw.sh.gov.cn/yqtb/index.html,快讯！上海今天又有1例确诊病例痊愈出院，目前共有10例出院,
1651714130-207,https://wsjkw.sh.gov.cn/yqtb/index.html,上海2021年11月24日，无新增本地新冠肺炎确诊病例 新增境外输入4例  治愈出院1例,
1651714130-631,https://wsjkw.sh.gov.cn/yqtb/index.html,上海9月25日无新增本地新冠肺炎确诊病例 无新增境外输入性新冠肺炎确诊病例 治愈出院4例,
1651714130-983,https://wsjkw.sh.gov.cn/yqtb/index.html,上海新增8例新型冠状病毒感染的肺炎确诊病例,
1651714130-719,https://wsjkw.sh.gov.cn/yqtb/index.html,上海有1例确诊病例今日出院，共计689例治愈出院,
1651714130-890,https://wsjkw.sh.gov.cn/yqtb/index.html,上海有1例确诊病例今日出院，共计330例治愈出院,
1651714130-536,https://wsjkw.sh.gov.cn/yqtb/index.html,上海12月28日无新增本地新冠肺炎确诊病例 新增境外输入4例  治愈出院5例,
1651714130-66,https://wsjkw.sh.gov.cn/yqtb/index.html,上海2022年4月1日，新增本土新冠肺炎确诊病例260例 新增本土无症状感染者6051例 新增境外输入性新冠肺炎确诊病例2例 无新增境外输入性无症状感染者 治愈出院39例,
1651714130-463,https://wsjkw.sh.gov.cn/yqtb/index.html,上海2021年3月11日，无新增本地新冠肺炎确诊病例 新增境外输入3例 治愈出院1例,
1651714130-581,https://wsjkw.sh.gov.cn/yqtb/index.html,上海11月14日无新增本地新冠肺炎确诊病例 新增境外输入1例  治愈出院7例,
1651714130-962,https://wsjkw.sh.gov.cn/yqtb/index.html,上海公布2月13日（0-24时）确诊病例涉及区域和场所情况,
1651714130-322,https://wsjkw.sh.gov.cn/yqtb/index.html,上海2021年8月2日，新增本地新冠肺炎确诊病例1例 新增境外输入3例 治愈出院4例,
1651714130-278,https://wsjkw.sh.gov.cn/yqtb/index.html,上海2021年9月9日，无新增本地新冠肺炎确诊病例 新增境外输入4例  治愈出院6例,
1651714130-723,https://wsjkw.sh.gov.cn/yqtb/index.html,上海7月5日无新增本地新冠肺炎确诊病例 无新增境外输入性新冠肺炎确诊病例,
1651714130-488,https://wsjkw.sh.gov.cn/yqtb/index.html,上海2021年2月12日，无新增本地新冠肺炎确诊病例 新增境外输入3例  治愈出院6例,
1651714130-482,https://wsjkw.sh.gov.cn/yqtb/index.html,上海2021年2月19日，无新增本地新冠肺炎确诊病例 新增境外输入病例2例 治愈出院4例,
1651714130-408,https://wsjkw.sh.gov.cn/yqtb/index.html,上海2021年5月7日，无新增本地新冠肺炎确诊病例 新增境外输入病例2例 治愈出院6例,
1651714130-384,https://wsjkw.sh.gov.cn/yqtb/index.html,上海2021年5月31日，无新增本地新冠肺炎确诊病例 新增境外输入7例 治愈出院4例,
1651714130-374,https://wsjkw.sh.gov.cn/yqtb/index.html,上海2021年6月10日，无新增本地新冠肺炎确诊病例 新增境外输入2例  治愈出院4例,
1651714130-943,https://wsjkw.sh.gov.cn/yqtb/index.html,上海有16例确诊病例2月22日出院,
1651714130-216,https://wsjkw.sh.gov.cn/yqtb/index.html,上海2021年11月15日，无新增本地新冠肺炎确诊病例 新增境外输入2例  治愈出院6例,
1651714130-789,https://wsjkw.sh.gov.cn/yqtb/index.html,上海5月19日无新增本地新冠肺炎确诊病例 无新增境外输入性新冠肺炎确诊病例 新增治愈出院1例,
1651714130-507,https://wsjkw.sh.gov.cn/yqtb/index.html,上海2021年1月24日，新增本地新冠肺炎确诊病例1例 新增境外输入2例  治愈出院9例,
1651714130-138,https://wsjkw.sh.gov.cn/yqtb/index.html,上海2022年2月3日，无新增本土新冠肺炎确诊病例 新增境外输入7例  治愈出院10例 解除医学观察无症状感染者1例,
1651714130-321,https://wsjkw.sh.gov.cn/yqtb/index.html,上海公布8月2日本地确诊病例排查情况，浦东川沙新镇华夏二路1500弄心圆西苑小区列为中风险地区,
1651714130-726,https://wsjkw.sh.gov.cn/yqtb/index.html,上海有3例确诊病例今日出院，共计681例治愈出院,
1651714130-333,https://wsjkw.sh.gov.cn/yqtb/index.html,上海2021年7月22日，无新增本地新冠肺炎确诊病例 新增境外输入3例 治愈出院5例,
1651714130-850,https://wsjkw.sh.gov.cn/yqtb/index.html,上海4月15日无新增本地新冠肺炎确诊病例 新增境外输入6例 治愈出院17例,
1651714130-360,https://wsjkw.sh.gov.cn/yqtb/index.html,上海2021年6月24日，无新增本地新冠肺炎确诊病例 新增境外输入6例 治愈出院3例,
1651714130-682,https://wsjkw.sh.gov.cn/yqtb/index.html,上海8月7日无新增本地新冠肺炎确诊病例 新增境外输入2例  治愈出院1例,
1651714130-654,https://wsjkw.sh.gov.cn/yqtb/index.html,上海9月2日无新增本地新冠肺炎确诊病例 无新增境外输入性新冠肺炎确诊病例 治愈出院7例,
1651714130-954,https://wsjkw.sh.gov.cn/yqtb/index.html,上海痊愈出院的新冠肺炎确诊病例增至140例,
1651714130-201,https://wsjkw.sh.gov.cn/yqtb/index.html,上海2021年11月30日，无新增本土新冠肺炎确诊病例 新增境外输入3例,
1651714130-296,https://wsjkw.sh.gov.cn/yqtb/index.html,上海2021年8月24日，新增本地新冠肺炎确诊病例2例 新增境外输入4例  治愈出院4例,
1651714130-387,https://wsjkw.sh.gov.cn/yqtb/index.html,上海2021年5月28日，无新增本地新冠肺炎确诊病例 新增境外输入7例  治愈出院4例,
1651714130-938,https://wsjkw.sh.gov.cn/yqtb/index.html,出院率近78%！上海今天又有12例确诊病例痊愈出院,
1651714130-554,https://wsjkw.sh.gov.cn/yqtb/index.html,上海12月10日无新增本地新冠肺炎确诊病例 新增境外输入5例,
1651714130-589,https://wsjkw.sh.gov.cn/yqtb/index.html,上海11月6日无新增本地新冠肺炎确诊病例 新增境外输入11例  治愈出院6例,
1651714130-377,https://wsjkw.sh.gov.cn/yqtb/index.html,上海2021年6月7日，无新增本地新冠肺炎确诊病例 新增境外输入2例  治愈出院8例,
1651714130-777,https://wsjkw.sh.gov.cn/yqtb/index.html,上海昨日无新增本地新冠肺炎确诊病例，新增境外输入1例，治愈出院4例,
1651714130-73,https://wsjkw.sh.gov.cn/yqtb/index.html,3月28日（0-24时）本市各区确诊病例、无症状感染者居住地信息,
1651714130-924,https://wsjkw.sh.gov.cn/yqtb/index.html,上海有5例确诊病例3月5日出院,
1651714130-286,https://wsjkw.sh.gov.cn/yqtb/index.html,上海2021年9月1日，无新增本地新冠肺炎确诊病例 新增境外输入6例  治愈出院3例,
1651714130-913,https://wsjkw.sh.gov.cn/yqtb/index.html,上海有1例确诊病例3月12日出院,
1651714130-673,https://wsjkw.sh.gov.cn/yqtb/index.html,上海8月14日无新增本地新冠肺炎确诊病例 新增境外输入4例  治愈出院1例,
1651714130-380,https://wsjkw.sh.gov.cn/yqtb/index.html,上海2021年6月4日，无新增本地新冠肺炎确诊病例 新增境外输入1例 治愈出院5例,
1651714130-175,https://wsjkw.sh.gov.cn/yqtb/index.html,关于公布上海市第二批老年友善医疗机构名单的通知,
1651714130-120,https://wsjkw.sh.gov.cn/yqtb/index.html,上海2022年2月21日，无新增本土新冠肺炎确诊病例 新增境外输入性新冠肺炎确诊病例32例 新增境外输入性无症状感染者1例 治愈出院7例,
1651714130-227,https://wsjkw.sh.gov.cn/yqtb/index.html,上海2021年11月2日，无新增本地新冠肺炎确诊病例 新增境外输入5例  治愈出院4例,
1651714130-503,https://wsjkw.sh.gov.cn/yqtb/index.html,上海2021年1月28日，无新增本地新冠肺炎确诊病例 新增境外输入9例  治愈出院5例,
1651714130-537,https://wsjkw.sh.gov.cn/yqtb/index.html,上海12月27日无新增本地新冠肺炎确诊病例 新增境外输入2例  治愈出院7例,
1651714130-548,https://wsjkw.sh.gov.cn/yqtb/index.html,上海12月16日无新增本地新冠肺炎确诊病例 新增境外输入6例  治愈出院6例,
1651714130-892,https://wsjkw.sh.gov.cn/yqtb/index.html,上海昨日新增境外输入9例，治愈出院1例，新增1例境外输入关联病例,
1651714130-71,https://wsjkw.sh.gov.cn/yqtb/index.html,3月29日（0-24时）本市各区确诊病例、无症状感染者居住地信息,
1651714130-948,https://wsjkw.sh.gov.cn/yqtb/index.html,总出院人数已达186例 ，上海今天又有9例确诊病例痊愈出院，另有1例患者死亡,
1651714130-732,https://wsjkw.sh.gov.cn/yqtb/index.html,上海6月28日无新增本地新冠肺炎确诊病例 新增境外输入1例,
1651714130-347,https://wsjkw.sh.gov.cn/yqtb/index.html,上海2021年7月8日，无新增本地新冠肺炎确诊病例 新增境外输入3例 治愈出院1例,
1651714130-97,https://wsjkw.sh.gov.cn/yqtb/index.html,上海2022年3月15日，新增本土新冠肺炎确诊病例5例 新增本土无症状感染者197例 新增境外输入性新冠肺炎确诊病例10例 新增境外输入性无症状感染者1例 治愈出院33例  解除医学观察无症状感染者13例,
1651714130-1001,https://wsjkw.sh.gov.cn/yqtb/index.html,上海新增13例新型冠状病毒感染的肺炎确诊病例,
1651714130-991,https://wsjkw.sh.gov.cn/yqtb/index.html,上海新增14例新型冠状病毒感染的肺炎确诊病例,
1651714130-988,https://wsjkw.sh.gov.cn/yqtb/index.html,上海新增11例新型冠状病毒感染的肺炎确诊病例,
1651714130-40,https://wsjkw.sh.gov.cn/yqtb/index.html,上海2022年4月14日，新增本土新冠肺炎确诊病例3200例 新增本土无症状感染者19872例 无新增境外输入性新冠肺炎确诊病例 新增境外输入性无症状感染者1例 治愈出院549例  解除医学观察8071例,
1651714130-832,https://wsjkw.sh.gov.cn/yqtb/index.html,上海4月25日无新增本地新冠肺炎确诊病例 新增境外输入1例 治愈出院11例,
1651714130-70,https://wsjkw.sh.gov.cn/yqtb/index.html,上海2022年3月30日，新增本土新冠肺炎确诊病例355例 新增本土无症状感染者5298例 新增境外输入性新冠肺炎确诊病例3例 新增境外输入性无症状感染者1例 治愈出院29例,
1651714130-670,https://wsjkw.sh.gov.cn/yqtb/index.html,上海8月17日0-24时，无新增本地新冠肺炎确诊病例 新增境外输入14例  治愈出院3例,
1651714130-835,https://wsjkw.sh.gov.cn/yqtb/index.html,上海4月23日无新增本地新冠肺炎确诊病例 新增境外输入1例 治愈出院1例,
1651714130-247,https://wsjkw.sh.gov.cn/yqtb/index.html,上海2021年10月14日，无新增本地新冠肺炎确诊病例 新增境外输入1例  治愈出院5例,
1651714130-523,https://wsjkw.sh.gov.cn/yqtb/index.html,上海2021年1月10日，无新增本地新冠肺炎确诊病例 新增境外输入2例  治愈出院8例,
1651714130-160,https://wsjkw.sh.gov.cn/yqtb/index.html,上海2022年1月13日 新增本土新冠肺炎确诊病例2例 新增本土无症状感染者3例 新增境外输入30例  治愈出院8例,
1651714130-2,https://wsjkw.sh.gov.cn/yqtb/index.html,上海2022年5月3日，新增本土新冠肺炎确诊病例260例 新增本土无症状感染者4722例 新增境外输入性新冠肺炎确诊病例3例 新增境外输入性无症状感染者1例,
1651714130-844,https://wsjkw.sh.gov.cn/yqtb/index.html,上海4月18日无新增本地新冠肺炎确诊病例 新增境外输入7例  治愈出院4例,
1651714130-655,https://wsjkw.sh.gov.cn/yqtb/index.html,上海9月1日无新增本地新冠肺炎确诊病例 新增境外输入4例  治愈出院2例,
1651714130-610,https://wsjkw.sh.gov.cn/yqtb/index.html,上海10月16日无新增本地新冠肺炎确诊病例 新增境外输入5例  治愈出院1例,
1651714130-234,https://wsjkw.sh.gov.cn/yqtb/index.html,上海2021年10月26日，无新增本地新冠肺炎确诊病例 新增境外输入2例  治愈出院4例,
1651714130-390,https://wsjkw.sh.gov.cn/yqtb/index.html,上海2021年5月25日，无新增本地新冠肺炎确诊病例 新增境外输入6例 治愈出院4例,
1651714130-836,https://wsjkw.sh.gov.cn/yqtb/index.html,上海有1例确诊病例今日出院，共计533例治愈出院,
1651714130-811,https://wsjkw.sh.gov.cn/yqtb/index.html,上海有3例确诊病例今日出院，共计623例治愈出院,
1651714130-763,https://wsjkw.sh.gov.cn/yqtb/index.html,上海6月3日无新增本地新冠肺炎确诊病例 无新增境外输入性新冠肺炎确诊病例,
1651714130-198,https://wsjkw.sh.gov.cn/yqtb/index.html,上海12月7日新增1例本土确诊病例，11334名相关人员核酸检测结果均为阴性,
1651714130-14,https://wsjkw.sh.gov.cn/yqtb/index.html,上海2022年4月27日（0-24时）上海新增1292例本土新冠肺炎确诊病例，新增9330例本土无症状感染者,
1651714130-77,https://wsjkw.sh.gov.cn/yqtb/index.html,3月26日（0-24时）本市各区确诊病例、无症状感染者居住地信息,
1651714130-771,https://wsjkw.sh.gov.cn/yqtb/index.html,上海有2例确诊病例5月29日出院,
1651714130-409,https://wsjkw.sh.gov.cn/yqtb/index.html,上海2021年5月6日，无新增本地新冠肺炎确诊病例 新增境外输入5例 治愈出院5例,
1651714130-75,https://wsjkw.sh.gov.cn/yqtb/index.html,【最新】3月27日（0-24时）本市各区确诊病例、无症状感染者居住地信息,
1651714130-762,https://wsjkw.sh.gov.cn/yqtb/index.html,上海6月4日无新增本地新冠肺炎确诊病例 新增境外输入4例  治愈出院1例,
1651714130-122,https://wsjkw.sh.gov.cn/yqtb/index.html,上海2022年2月19日，无新增本土新冠肺炎确诊病例 新增境外输入23例  治愈出院13例,
1651714130-203,https://wsjkw.sh.gov.cn/yqtb/index.html,上海2021年11月28日，无新增本土新冠肺炎确诊病例 新增境外输入6例  治愈出院6例,
1651714130-404,https://wsjkw.sh.gov.cn/yqtb/index.html,上海2021年5月11日，无新增本地新冠肺炎确诊病例 新增境外输入3例 治愈出院3例,
1651714130-553,https://wsjkw.sh.gov.cn/yqtb/index.html,上海12月11日0―24时，无新增本地新冠肺炎确诊病例 新增境外输入5例  治愈出院4例,
1651714130-168,https://wsjkw.sh.gov.cn/yqtb/index.html,上海2022年1月5日，无新增本土新冠肺炎确诊病例 新增境外输入20例  治愈出院14例,
1651714130-785,https://wsjkw.sh.gov.cn/yqtb/index.html,上海有1例确诊病例今日出院，共计646例治愈出院,
1651714130-614,https://wsjkw.sh.gov.cn/yqtb/index.html,上海10月12日无新增本地新冠肺炎确诊病例 新增境外输入3例  治愈出院4例,
1651714130-400,https://wsjkw.sh.gov.cn/yqtb/index.html,上海2021年5月15日，无新增本地新冠肺炎确诊病例 新增境外输入2例 治愈出院3例,
1651714130-167,https://wsjkw.sh.gov.cn/yqtb/index.html,上海2022年1月6日，无新增本土新冠肺炎确诊病例 新增本土无症状感染者3例 新增境外输入新冠肺炎确诊病例24例 新增境外输入无症状感染者2例   治愈出院3例,
1651714130-19,https://wsjkw.sh.gov.cn/yqtb/index.html,4月24日（0-24时）本市各区确诊病例、无症状感染者居住地信息,
1651714130-989,https://wsjkw.sh.gov.cn/yqtb/index.html,上海新增10例新型冠状病毒感染的肺炎确诊病例,
1651714130-383,https://wsjkw.sh.gov.cn/yqtb/index.html,上海2021年6月1日，无新增本地新冠肺炎确诊病例 新增境外输入6例 治愈出院5例,
1651714130-130,https://wsjkw.sh.gov.cn/yqtb/index.html,上海2022年2月11日，无新增本土新冠肺炎确诊病例 新增境外输入7例  治愈出院9例 解除医学观察无症状感染者1例,
1651714130-128,https://wsjkw.sh.gov.cn/yqtb/index.html,上海2022年2月13日，无新增本土新冠肺炎确诊病例 新增境外输入8例  治愈出院18例,
1651714130-50,https://wsjkw.sh.gov.cn/yqtb/index.html,上海2022年4月9日，新增本土新冠肺炎确诊病例1006例 新增本土无症状感染者23937例 新增境外输入性新冠肺炎确诊病例9例 新增境外输入性无症状感染者2例 治愈出院227例,
1651714130-260,https://wsjkw.sh.gov.cn/yqtb/index.html,上海2021年10月1日，无新增本地新冠肺炎确诊病例 新增境外输入9例  治愈出院6例,
1651714130-588,https://wsjkw.sh.gov.cn/yqtb/index.html,上海11月7日无新增本地新冠肺炎确诊病例 新增境外输入7例  治愈出院14例,
1651714130-460,https://wsjkw.sh.gov.cn/yqtb/index.html,上海2021年3月14日，无新增本地新冠肺炎确诊病例 新增境外输入1例 治愈出院2例,
1651714130-124,https://wsjkw.sh.gov.cn/yqtb/index.html,上海2022年2月17日，无新增本土新冠肺炎确诊病例 新增境外输入13例  治愈出院16例,
1651714130-23,https://wsjkw.sh.gov.cn/yqtb/index.html,4月22日（0-24时）本市各区确诊病例、无症状感染者居住地信息,
1651714130-79,https://wsjkw.sh.gov.cn/yqtb/index.html,3月25日（0-24时）本市各区确诊病例、无症状感染者居住地信息,
1651714130-730,https://wsjkw.sh.gov.cn/yqtb/index.html,上海6月30日无新增本地新冠肺炎确诊病例 无新增境外输入性新冠肺炎确诊病例,
1651714130-968,https://wsjkw.sh.gov.cn/yqtb/index.html,上海有4例确诊病例2月12日出院,
1651714130-552,https://wsjkw.sh.gov.cn/yqtb/index.html,上海12月12日无新增本地新冠肺炎确诊病例 新增境外输入10例  治愈出院3例,
1651714130-85,https://wsjkw.sh.gov.cn/yqtb/index.html,3月22日（0-24时）本市各区确诊病例、无症状感染者居住地信息,
1651714130-28,https://wsjkw.sh.gov.cn/yqtb/index.html,上海2022年4月20日，新增本土新冠肺炎确诊病例2634例 新增本土无症状感染者15861例 新增境外输入性新冠肺炎确诊病例1例 新增境外输入性无症状感染者2例,
1651714130-486,https://wsjkw.sh.gov.cn/yqtb/index.html,上海2021年2月15日，无新增本地新冠肺炎确诊病例 新增境外输入5例  治愈出院12例,
1651714130-459,https://wsjkw.sh.gov.cn/yqtb/index.html,上海2021年3月15日，无新增本地新冠肺炎确诊病例 新增境外输入5例 治愈出院3例,
1651714130-560,https://wsjkw.sh.gov.cn/yqtb/index.html,上海12月4日无新增本地新冠肺炎确诊病例 新增境外输入3例  治愈出院3例,
1651714130-739,https://wsjkw.sh.gov.cn/yqtb/index.html,昨天上海无新增本地新冠肺炎确诊病例，无新增境外输入病例,
1651714130-867,https://wsjkw.sh.gov.cn/yqtb/index.html,上海17例确诊病例今日出院，共计406例治愈出院,
1651714130-446,https://wsjkw.sh.gov.cn/yqtb/index.html,上海2021年3月29日，无新增本地新冠肺炎确诊病例 新增境外输入3例 治愈出院1例,
1651714130-458,https://wsjkw.sh.gov.cn/yqtb/index.html,上海2021年3月16日，无新增本地新冠肺炎确诊病例 新增境外输入1例 治愈出院4例,
1651714130-180,https://wsjkw.sh.gov.cn/yqtb/index.html,上海2021年12月25日，无新增本土新冠肺炎确诊病例 新增境外输入18例  治愈出院7例,
1651714130-21,https://wsjkw.sh.gov.cn/yqtb/index.html,4月23日（0-24时）本市各区确诊病例、无症状感染者居住地信息,
1651714130-839,https://wsjkw.sh.gov.cn/yqtb/index.html,上海4月21日无新增本地新冠肺炎确诊病例 新增境外输入1例,
1651714130-305,https://wsjkw.sh.gov.cn/yqtb/index.html,上海2021年8月18日，新增本地新冠肺炎确诊病例1例 新增境外输入5例  治愈出院6例,
1651714130-681,https://wsjkw.sh.gov.cn/yqtb/index.html,上海8月8日无新增本地新冠肺炎确诊病例 新增境外输入2例  治愈出院1例,
1651714130-711,https://wsjkw.sh.gov.cn/yqtb/index.html,上海7月14日无新增本地新冠肺炎确诊病例 新增境外输入3例,
1651714130-926,https://wsjkw.sh.gov.cn/yqtb/index.html,上海有2例确诊病例今日出院，共计294例治愈出院,
1651714130-64,https://wsjkw.sh.gov.cn/yqtb/index.html,上海2022年4月2日，新增本土新冠肺炎确诊病例438例 新增本土无症状感染者7788例 新增境外输入性新冠肺炎确诊病例6例 新增境外输入性无症状感染者1例 治愈出院31例,
1651714130-973,https://wsjkw.sh.gov.cn/yqtb/index.html,快讯！上海公布2月9日（0-24时）确诊病例涉及区域和场所情况,
1651714130-45,https://wsjkw.sh.gov.cn/yqtb/index.html,4月11日（0-24时）本市各区确诊病例、无症状感染者居住地信息,
1651714130-42,https://wsjkw.sh.gov.cn/yqtb/index.html,上海2022年4月13日，新增本土新冠肺炎确诊病例2573例 新增本土无症状感染者25146例 无新增境外输入性新冠肺炎确诊病例 新增境外输入性无症状感染者1例 治愈出院741例  解除医学观察15406例,
1651714130-249,https://wsjkw.sh.gov.cn/yqtb/index.html,上海2021年10月12日，无新增本地新冠肺炎确诊病例 新增境外输入2例  治愈出院5例,
1651714130-858,https://wsjkw.sh.gov.cn/yqtb/index.html,上海4月11日无新增本地新冠肺炎确诊病例 新增境外输入52例  治愈出院3例,
1651714130-300,https://wsjkw.sh.gov.cn/yqtb/index.html,上海新增3例本土确诊病例，浦东祝桥镇千汇路两个小区列为中风险地区,
1651714130-54,https://wsjkw.sh.gov.cn/yqtb/index.html,上海2022年4月7日，新增本土新冠肺炎确诊病例824例 新增本土无症状感染者20398例 新增境外输入性新冠肺炎确诊病例4例 新增境外输入性无症状感染者3例 治愈出院57例,
1651714130-6,https://wsjkw.sh.gov.cn/yqtb/index.html,上海2022年5月1日，新增本土新冠肺炎确诊病例727例 新增本土无症状感染者6606例 新增境外输入性新冠肺炎确诊病例2例 新增境外输入性无症状感染者2例,
1651714130-936,https://wsjkw.sh.gov.cn/yqtb/index.html,上海公布2月25日（0-24时） 确诊病例涉及区域和场所情况,
1651714130-563,https://wsjkw.sh.gov.cn/yqtb/index.html,上海12月1日无新增本地新冠肺炎确诊病例 新增境外输入1例  治愈出院2例,
1651714130-713,https://wsjkw.sh.gov.cn/yqtb/index.html,上海有1例确诊病例今日出院，共计690例治愈出院,
1651714130-960,https://wsjkw.sh.gov.cn/yqtb/index.html,上海又有34例确诊病例今天痊愈出院，包括2名小朋友！目前共124例出院,
1651714130-886,https://wsjkw.sh.gov.cn/yqtb/index.html,上海3月26日无新增本地新冠肺炎确诊病例 新增境外输入17例  治愈出院1例,
1651714130-688,https://wsjkw.sh.gov.cn/yqtb/index.html,上海8月1日无新增本地新冠肺炎确诊病例 新增境外输入1例  治愈出院3例,
1651714130-986,https://wsjkw.sh.gov.cn/yqtb/index.html,上海新增3例新型冠状病毒感染的肺炎确诊病例,
1651714130-475,https://wsjkw.sh.gov.cn/yqtb/index.html,上海2021年2月27日，无新增本地新冠肺炎确诊病例 无新增境外输入性确诊病例   治愈出院4例,
1651714130-580,https://wsjkw.sh.gov.cn/yqtb/index.html,上海11月15日无新增本地新冠肺炎确诊病例 无新增境外输入性新冠肺炎确诊病例 治愈出院9例,
1651714130-810,https://wsjkw.sh.gov.cn/yqtb/index.html,上海5月7日无新增本地新冠肺炎确诊病例 无新增境外输入性新冠肺炎确诊病例 治愈出院3例,
1651714130-490,https://wsjkw.sh.gov.cn/yqtb/index.html,上海2021年2月10日，无新增本地新冠肺炎确诊病例 无新增境外输入病例  治愈出院7例,
1651714130-982,https://wsjkw.sh.gov.cn/yqtb/index.html,快讯！上海公布2月6日（0-24时）确诊病例涉及区域和场所情况,
1651714130-187,https://wsjkw.sh.gov.cn/yqtb/index.html,上海2021年12月18日，无新增本土新冠肺炎确诊病例 新增本土无症状感染者1例 新增境外输入确诊病例14例  治愈出院1例,
1651714130-830,https://wsjkw.sh.gov.cn/yqtb/index.html,上海4月26日无新增本地新冠肺炎确诊病例 无新增境外输入性新冠肺炎确诊病例 治愈出院10例,
1651714130-538,https://wsjkw.sh.gov.cn/yqtb/index.html,上海12月26日无新增本地新冠肺炎确诊病例 新增境外输入4例  治愈出院7例,
1651714130-672,https://wsjkw.sh.gov.cn/yqtb/index.html,上海8月15日无新增本地新冠肺炎确诊病例 新增境外输入5例  治愈出院5例,
1651714130-636,https://wsjkw.sh.gov.cn/yqtb/index.html,上海9月20日无新增本地新冠肺炎确诊病例 新增境外输入2例   治愈出院3例,
1651714130-841,https://wsjkw.sh.gov.cn/yqtb/index.html,上海有9例确诊病例今日出院，共计530例治愈出院,
1651714130-766,https://wsjkw.sh.gov.cn/yqtb/index.html,上海昨日无新增本地新冠肺炎确诊病例，新增境外输入1例，治愈出院3例,
1651714130-219,https://wsjkw.sh.gov.cn/yqtb/index.html,上海2021年11月12日，无新增本地新冠肺炎确诊病例 新增境外输入4例  治愈出院2例,
1651714130-819,https://wsjkw.sh.gov.cn/yqtb/index.html,上海昨日无新增本地新冠肺炎确诊病例，无新增境外输入性新冠肺炎确诊病例，治愈出院13例,
1651714130-534,https://wsjkw.sh.gov.cn/yqtb/index.html,上海12月30日无新增本地新冠肺炎确诊病例 新增境外输入6例  治愈出院5例,
1651714130-893,https://wsjkw.sh.gov.cn/yqtb/index.html,上海3月22日无新增本地新冠肺炎确诊病例 治愈出院1例  新增境外输入10例,
1651714130-276,https://wsjkw.sh.gov.cn/yqtb/index.html,上海2021年9月11日，无新增本地新冠肺炎确诊病例 新增境外输入3例  治愈出院9例,
1651714130-93,https://wsjkw.sh.gov.cn/yqtb/index.html,上海2022年3月18日，新增本土新冠肺炎确诊病例8例 新增本土无症状感染者366例 新增境外输入性新冠肺炎确诊病例12例 新增境外输入性无症状感染者6例 治愈出院26例  解除医学观察无症状感染者15例,
1651714130-271,https://wsjkw.sh.gov.cn/yqtb/index.html,上海2021年9月17日，无新增本地新冠肺炎确诊病例 新增境外输入2例  治愈出院4例,
1651714130-242,https://wsjkw.sh.gov.cn/yqtb/index.html,上海2021年10月18日，无新增本地新冠肺炎确诊病例 新增境外输入5例  治愈出院1例,
1651714130-611,https://wsjkw.sh.gov.cn/yqtb/index.html,上海10月15日无新增本地新冠肺炎确诊病例 新增境外输入11例  治愈出院3例,
1651714130-662,https://wsjkw.sh.gov.cn/yqtb/index.html,上海8月25日无新增本地新冠肺炎确诊病例 新增境外输入4例  治愈出院6例,
1651714130-313,https://wsjkw.sh.gov.cn/yqtb/index.html,上海2021年8月10日，无新增本地新冠肺炎确诊病例 新增境外输入4例   治愈出院4例,
1651714130-907,https://wsjkw.sh.gov.cn/yqtb/index.html,今天0-12时，上海无新增新型冠状病毒肺炎确诊病例,
1651714130-1003,https://wsjkw.sh.gov.cn/yqtb/index.html,上海首例新型冠状病毒感染的肺炎确诊病例治愈出院,
1651714130-635,https://wsjkw.sh.gov.cn/yqtb/index.html,上海9月21日无新增本地新冠肺炎确诊病例 新增境外输入1例   治愈出院4例,
1651714130-622,https://wsjkw.sh.gov.cn/yqtb/index.html,上海10月4日无新增本地新冠肺炎确诊病例 新增境外输入10例  治愈出院2例,
1651714130-683,https://wsjkw.sh.gov.cn/yqtb/index.html,上海8月6日无新增本地新冠肺炎确诊病例 新增境外输入7例  治愈出院1例,
1651714130-165,https://wsjkw.sh.gov.cn/yqtb/index.html,上海2022年1月8日，无新增本土新冠肺炎确诊病例 新增境外输入30例  治愈出院9例,
1651714130-958,https://wsjkw.sh.gov.cn/yqtb/index.html,上海公布2月14日（0-24时）确诊病例涉及区域和场所情况,
1651714130-956,https://wsjkw.sh.gov.cn/yqtb/index.html,上海新增2例新型冠状病毒肺炎确诊病例,
1651714130-705,https://wsjkw.sh.gov.cn/yqtb/index.html,上海7月19日无新增本地新冠肺炎确诊病例 无新增境外输入性新冠肺炎确诊病例 治愈出院5例,
1651714130-304,https://wsjkw.sh.gov.cn/yqtb/index.html,上海2021年8月19日，无新增本地新冠肺炎确诊病例 新增境外输入2例  治愈出院6例,
1651714130-32,https://wsjkw.sh.gov.cn/yqtb/index.html,上海2022年4月18日上海新增本土新冠肺炎确诊病例3084例（含既往无症状感染者转为确诊病例974例），本土无症状感染者17332例，实际新增本土阳性感染者19442例 无新增境外输入性新冠肺炎确诊病例 新增境外输入性无症状感染者2例,
1651714130-176,https://wsjkw.sh.gov.cn/yqtb/index.html,上海2021年12月29日，无新增本土新冠肺炎确诊病例  新增本土无症状感染者1例  新增境外输入17例 治愈出院6例,
1651714130-478,https://wsjkw.sh.gov.cn/yqtb/index.html,上海2021年2月24日，无新增本地新冠肺炎确诊病例 新增境外输入病例3例 治愈出院4例,
1651714130-449,https://wsjkw.sh.gov.cn/yqtb/index.html,上海2021年3月26日无新增本地新冠肺炎确诊病例 新增境外输入6例 治愈出院3例,
1651714130-317,https://wsjkw.sh.gov.cn/yqtb/index.html,上海2021年8月6日，无新增本地新冠肺炎确诊病例 新增境外输入9例   治愈出院3例,
1651714130-821,https://wsjkw.sh.gov.cn/yqtb/index.html,上海4月30日无新增本地新冠肺炎确诊病例 新增境外输入5例  治愈出院2例,
1651714130-252,https://wsjkw.sh.gov.cn/yqtb/index.html,上海2021年10月9日，无新增本地新冠肺炎确诊病例 新增境外输入6例  治愈出院12例,
1651714130-149,https://wsjkw.sh.gov.cn/yqtb/index.html,上海新增1例本土确诊病例，截至13时6371名相关人员核酸检测结果均为阴性,
1651714130-565,https://wsjkw.sh.gov.cn/yqtb/index.html,上海11月29日无新增本地新冠肺炎确诊病例 新增境外输入5例 治愈出院6例,
1651714130-783,https://wsjkw.sh.gov.cn/yqtb/index.html,上海有1例确诊病例今日出院，共计647例治愈出院,
1651714130-342,https://wsjkw.sh.gov.cn/yqtb/index.html,上海2021年7月13日，无新增本地新冠肺炎确诊病例 新增境外输入5例,
1651714130-420,https://wsjkw.sh.gov.cn/yqtb/index.html,上海2021年4月25日，无新增本地新冠肺炎确诊病例 新增境外输入2例 治愈出院3例,
1651714130-89,https://wsjkw.sh.gov.cn/yqtb/index.html,3月20日（0-24时）本市各区确诊病例、无症状感染者居住地信息,
1651714130-438,https://wsjkw.sh.gov.cn/yqtb/index.html,上海2021年4月7日，无新增本地新冠肺炎确诊病例 新增境外输入9例 治愈出院2例,
1651714130-656,https://wsjkw.sh.gov.cn/yqtb/index.html,上海8月31日无新增本地新冠肺炎确诊病例 新增境外输入1例  治愈出院5例,
1651714130-107,https://wsjkw.sh.gov.cn/yqtb/index.html,上海2022年3月6日，新增本土新冠肺炎确诊病例3例 新增本土无症状感染者45例 新增境外输入性新冠肺炎确诊病例32例 新增境外输入性无症状感染者16例 解除医学观察无症状感染者16例 治愈出院65例,
1651714130-904,https://wsjkw.sh.gov.cn/yqtb/index.html,今天0-12时，上海无新增新冠肺炎确诊病例,
1651714130-969,https://wsjkw.sh.gov.cn/yqtb/index.html,上海有1例确诊病例2月11日下午出院,
1651714130-52,https://wsjkw.sh.gov.cn/yqtb/index.html,上海2022年4月8日，新增本土新冠肺炎确诊病例1015例 新增本土无症状感染者22609例 新增境外输入性新冠肺炎确诊病例2例 新增境外输入性无症状感染者2例 治愈出院119例,
1651714130-452,https://wsjkw.sh.gov.cn/yqtb/index.html,上海2021年3月22日，无新增本地新冠肺炎确诊病例 新增境外输入1例 治愈出院4例,
1651714130-206,https://wsjkw.sh.gov.cn/yqtb/index.html,上海2021年11月25日，新增本地新冠肺炎确诊病例3例 新增境外输入1例  治愈出院3例,
1651714130-178,https://wsjkw.sh.gov.cn/yqtb/index.html,上海2021年12月27日，无新增本土新冠肺炎确诊病例 新增境外输入8例 治愈出院9例,
1651714130-254,https://wsjkw.sh.gov.cn/yqtb/index.html,上海2021年10月7日，无新增本地新冠肺炎确诊病例 新增境外输入8例  治愈出院5例,
1651714130-111,https://wsjkw.sh.gov.cn/yqtb/index.html,上海2022年3月2日，新增本土新冠肺炎确诊病例3例 新增本土无症状感染者5例 新增境外输入性新冠肺炎确诊病例39例 新增境外输入性无症状感染者19例 解除医学观察无症状感染者2例 治愈出院8例,
1651714130-735,https://wsjkw.sh.gov.cn/yqtb/index.html,上海6月25日无新增本地新冠肺炎确诊病例 新增境外输入2例  治愈出院2例,
1651714130-876,https://wsjkw.sh.gov.cn/yqtb/index.html,上海4月1日无新增本地新冠肺炎确诊病例 新增境外输入6例 治愈出院2例,
1651714130-101,https://wsjkw.sh.gov.cn/yqtb/index.html,上海2022年3月12日，新增本土新冠肺炎确诊病例1例 新增本土无症状感染者64例 新增境外输入性新冠肺炎确诊病例13例 新增境外输入性无症状感染者1例 治愈出院26例  解除医学观察无症状感染者11例,
1651714130-112,https://wsjkw.sh.gov.cn/yqtb/index.html,上海2022年3月1日，新增本土新冠肺炎确诊病例1例 新增本土无症状感染者1例 新增境外输入性新冠肺炎确诊病例37例 新增境外输入性无症状感染者17例 解除医学观察无症状感染者1例 治愈出院8例,
1651714130-344,https://wsjkw.sh.gov.cn/yqtb/index.html,上海2021年7月11日，无新增本地新冠肺炎确诊病例 新增境外输入1例 治愈出院4例,
1651714130-211,https://wsjkw.sh.gov.cn/yqtb/index.html,上海2021年11月20日，无新增本地新冠肺炎确诊病例 新增境外输入3例,
1651714130-584,https://wsjkw.sh.gov.cn/yqtb/index.html,上海11月11日无新增本地新冠肺炎确诊病例 新增境外输入4例  治愈出院3例,
1651714130-222,https://wsjkw.sh.gov.cn/yqtb/index.html,上海2021年11月9日，无新增本地新冠肺炎确诊病例 新增境外输入3例  治愈出院8例,
1651714130-319,https://wsjkw.sh.gov.cn/yqtb/index.html,上海2021年8月4日，无新增本地新冠肺炎确诊病例 新增境外输入9例  治愈出院3例,
1651714130-177,https://wsjkw.sh.gov.cn/yqtb/index.html,上海2021年12月28日，无新增本土新冠肺炎确诊病例 新增境外输入11例  治愈出院4例,
1651714130-485,https://wsjkw.sh.gov.cn/yqtb/index.html,上海2021年2月16日，无新增本地新冠肺炎确诊病例 无新增境外输入病例 治愈出院8例,
1651714130-24,https://wsjkw.sh.gov.cn/yqtb/index.html,上海2022年4月22日，新增本土新冠肺炎确诊病例2736例 新增本土无症状感染者20634例 无新增境外输入性新冠肺炎确诊病例 新增境外输入性无症状感染者1例,
1651714130-639,https://wsjkw.sh.gov.cn/yqtb/index.html,上海9月17日无新增本地新冠肺炎确诊病例 新增境外输入12例,
1651714130-350,https://wsjkw.sh.gov.cn/yqtb/index.html,上海2021年7月5日，无新增本地新冠肺炎确诊病例 新增境外输入4例 治愈出院1例,
1651714130-799,https://wsjkw.sh.gov.cn/yqtb/index.html,上海5月14日无新增本地新冠肺炎确诊病例 无新增境外输入性新冠肺炎确诊病例 新增治愈出院5例,
1651714130-147,https://wsjkw.sh.gov.cn/yqtb/index.html,上海2022年1月25日，无新增本土新冠肺炎确诊病例 新增境外输入10例 治愈出院21例 解除医学观察无症状感染者1例,
1651714130-542,https://wsjkw.sh.gov.cn/yqtb/index.html,上海12月22日无新增本地新冠肺炎确诊病例 新增境外输入12例  治愈出院6例,
1651714130-192,https://wsjkw.sh.gov.cn/yqtb/index.html,上海2021年12月13日0―24时 无新增本土新冠肺炎确诊病例 新增境外输入6例  治愈出院2例,
1651714130-186,https://wsjkw.sh.gov.cn/yqtb/index.html,上海2021年12月19日，无新增本土新冠肺炎确诊病例 新增境外输入16例  治愈出院5例,
1651714130-657,https://wsjkw.sh.gov.cn/yqtb/index.html,上海8月30日无新增本地新冠肺炎确诊病例 新增境外输入6例  治愈出院6例,
1651714130-661,https://wsjkw.sh.gov.cn/yqtb/index.html,上海8月26日无新增本地新冠肺炎确诊病例 新增境外输入2例  治愈出院2例,
1651714130-621,https://wsjkw.sh.gov.cn/yqtb/index.html,上海10月5日无新增本地新冠肺炎确诊病例 新增境外输入2例  治愈出院1例,
1651714130-35,https://wsjkw.sh.gov.cn/yqtb/index.html,4月16日（0-24时）本市各区确诊病例、无症状感染者居住地信息,
1651714130-323,https://wsjkw.sh.gov.cn/yqtb/index.html,浦东机场货运区一名外航货机服务人员新冠病毒核酸检测阳性,
1651714130-105,https://wsjkw.sh.gov.cn/yqtb/index.html,上海2022年3月8日，新增本土新冠肺炎确诊病例3例 新增本土无症状感染者62例 新增境外输入性新冠肺炎确诊病例26例 新增境外输入性无症状感染者10例 治愈出院32例  解除医学观察无症状感染者7例,
1651714130-557,https://wsjkw.sh.gov.cn/yqtb/index.html,上海12月7日无新增本地新冠肺炎确诊病例 新增境外输入4例  治愈出院5例,
1651714130-597,https://wsjkw.sh.gov.cn/yqtb/index.html,上海10月29日无新增本地新冠肺炎确诊病例 新增境外输入13例  治愈出院10例,
1651714130-5,https://wsjkw.sh.gov.cn/yqtb/index.html,5月1日（0-24时）本市各区确诊病例、无症状感染者居住地信息,
1651714130-311,https://wsjkw.sh.gov.cn/yqtb/index.html,上海2021年8月12日，无新增本地新冠肺炎确诊病例 新增境外输入5例   治愈出院2例,
1651714130-272,https://wsjkw.sh.gov.cn/yqtb/index.html,上海2021年9月16日，无新增本地新冠肺炎确诊病例 新增境外输入1例 治愈出院4例,
1651714130-512,https://wsjkw.sh.gov.cn/yqtb/index.html,上海报告3例本土确诊病例，昭通路居民区（福州路以南）列为中风险地区,
1651714130-500,https://wsjkw.sh.gov.cn/yqtb/index.html,上海2021年1月31日，无新增本地新冠肺炎确诊病例 新增境外输入4例  治愈出院4例,
1651714130-911,https://wsjkw.sh.gov.cn/yqtb/index.html,上海实现确诊儿童病例清零！今天又有3例确诊病例痊愈出院,
1651714130-466,https://wsjkw.sh.gov.cn/yqtb/index.html,上海2021年3月8日，无新增本地新冠肺炎确诊病例 新增境外输入2例 治愈出院3例,
1651714130-435,https://wsjkw.sh.gov.cn/yqtb/index.html,上海2021年4月10日，无新增本地新冠肺炎确诊病例 新增境外输入2例，治愈出院5例,
1651714130-282,https://wsjkw.sh.gov.cn/yqtb/index.html,上海2021年9月5日，无新增本地新冠肺炎确诊病例 新增境外输入2例  治愈出院3例,
1651714130-855,https://wsjkw.sh.gov.cn/yqtb/index.html,上海有12例确诊病例今日出院，共计458例治愈出院,
1651714130-396,https://wsjkw.sh.gov.cn/yqtb/index.html,上海2021年5月19日，无新增本地新冠肺炎确诊病例 新增境外输入2例 治愈出院2例,
1651714130-823,https://wsjkw.sh.gov.cn/yqtb/index.html,上海4月29日无新增本地新冠肺炎确诊病例 新增境外输入2例 治愈出院13例,
1651714130-427,https://wsjkw.sh.gov.cn/yqtb/index.html,上海2021年4月18日，无新增本地新冠肺炎确诊病例 新增境外输入1例 治愈出院1例,
1651714130-946,https://wsjkw.sh.gov.cn/yqtb/index.html,上海有13例确诊病例2月20日出院,
1651714130-410,https://wsjkw.sh.gov.cn/yqtb/index.html,上海2021年5月5日，无新增本地新冠肺炎确诊病例 无新增境外输入病例 治愈出院2例,
1651714130-506,https://wsjkw.sh.gov.cn/yqtb/index.html,上海2021年1月25日，新增本地新冠肺炎确诊病例2例 新增境外输入8例  治愈出院1例,
1651714130-575,https://wsjkw.sh.gov.cn/yqtb/index.html,上海11月20日新增2例本地新冠肺炎确诊病例 新增境外输入9例  治愈出院8例,
1651714130-709,https://wsjkw.sh.gov.cn/yqtb/index.html,上海7月16日无新增本地新冠肺炎确诊病例 新增境外输入1例  治愈出院3例,
1651714130-885,https://wsjkw.sh.gov.cn/yqtb/index.html,上海有3例确诊病例今日出院，共计334例治愈出院,
1651714130-301,https://wsjkw.sh.gov.cn/yqtb/index.html,上海2021年8月20日，新增本地新冠肺炎确诊病例2例 新增境外输入2例   治愈出院6例,
1651714130-646,https://wsjkw.sh.gov.cn/yqtb/index.html,上海9月10日无新增本地新冠肺炎确诊病例 新增境外输入8例  治愈出院6例,
1651714130-151,https://wsjkw.sh.gov.cn/yqtb/index.html,上海2022年1月22日，无新增本土新冠肺炎确诊病例 新增境外输入13例  治愈出院38例,
1651714130-367,https://wsjkw.sh.gov.cn/yqtb/index.html,上海2021年6月17日，无新增本地新冠肺炎确诊病例 新增境外输入3例,
1651714130-411,https://wsjkw.sh.gov.cn/yqtb/index.html,上海2021年5月4日，无新增本地新冠肺炎确诊病例 无新增境外输入病例 治愈出院4例,
1651714130-29,https://wsjkw.sh.gov.cn/yqtb/index.html,4月19日（0-24时）本市各区确诊病例、无症状感染者居住地信息,
1651714130-764,https://wsjkw.sh.gov.cn/yqtb/index.html,上海今天又有1例确诊病例痊愈出院，累计治愈出院662例,
1651714130-212,https://wsjkw.sh.gov.cn/yqtb/index.html,上海2021年11月19日，无新增本地新冠肺炎确诊病例 新增境外输入6例  治愈出院4例,
1651714130-513,https://wsjkw.sh.gov.cn/yqtb/index.html,上海2021年1月20日，无新增本地新冠肺炎确诊病例 新增境外输入9例  治愈出院1例,
1651714130-265,https://wsjkw.sh.gov.cn/yqtb/index.html,上海2021年9月24日，无新增本地新冠肺炎确诊病例 新增境外输入6例  治愈出院3例,
1651714130-476,https://wsjkw.sh.gov.cn/yqtb/index.html,上海2021年2月26日，无新增本地新冠肺炎确诊病例 新增境外输入性确诊病例1例   治愈出院7例,
1651714130-474,https://wsjkw.sh.gov.cn/yqtb/index.html,上海2021年2月28日，无新增本地新冠肺炎确诊病例 新增境外输入2例   治愈出院6例,
1651714130-351,https://wsjkw.sh.gov.cn/yqtb/index.html,上海2021年7月4日，无新增本地新冠肺炎确诊病例 新增境外输入6例 治愈出院2例,
1651714130-74,https://wsjkw.sh.gov.cn/yqtb/index.html,上海2022年3月28日，新增本土新冠肺炎确诊病例96例 新增本土无症状感染者4381例 新增境外输入性新冠肺炎确诊病例11例 新增境外输入性无症状感染者1例 治愈出院28例,
1651714130-386,https://wsjkw.sh.gov.cn/yqtb/index.html,上海2021年5月29日，无新增本地新冠肺炎确诊病例 新增境外输入5例 治愈出院1例,
1651714130-179,https://wsjkw.sh.gov.cn/yqtb/index.html,上海2021年12月26日，无新增本土新冠肺炎确诊病例 新增境外输入11例 治愈出院6例,
1651714130-998,https://wsjkw.sh.gov.cn/yqtb/index.html,上海今天又有4例确诊病例痊愈出院，目前共有9例出院,
1651714130-154,https://wsjkw.sh.gov.cn/yqtb/index.html,上海2022年1月19日，无新增本土新冠肺炎确诊病例 新增境外输入14例  治愈出院16例,
1651714130-335,https://wsjkw.sh.gov.cn/yqtb/index.html,上海2021年7月20日，无新增本地新冠肺炎确诊病例 新增境外输入2例 治愈出院3例,
1651714130-569,https://wsjkw.sh.gov.cn/yqtb/index.html,上海11月25日无新增本地新冠肺炎确诊病例 新增境外输入5例  治愈出院4例,
1651714130-671,https://wsjkw.sh.gov.cn/yqtb/index.html,上海8月16日无新增本地新冠肺炎确诊病例 新增境外输入3例  治愈出院4例,
1651714130-994,https://wsjkw.sh.gov.cn/yqtb/index.html,上海新增16例新型冠状病毒感染的肺炎确诊病例,
1651714130-55,https://wsjkw.sh.gov.cn/yqtb/index.html,4月6日（0-24时）本市各区确诊病例、无症状感染者居住地信息,
1651714130-487,https://wsjkw.sh.gov.cn/yqtb/index.html,上海2021年2月14日，无新增本地新冠肺炎确诊病例 新增境外输入1例   治愈出院7例,
1651714130-546,https://wsjkw.sh.gov.cn/yqtb/index.html,上海12月18日无新增本地新冠肺炎确诊病例 新增境外输入8例  治愈出院4例,
1651714130-470,https://wsjkw.sh.gov.cn/yqtb/index.html,上海2021年3月4日，无新增本地新冠肺炎确诊病例 新增境外输入6例 治愈出院2例,
1651714130-918,https://wsjkw.sh.gov.cn/yqtb/index.html,上海有1例确诊病例今日出院，共计315例治愈出院,
1651714130-332,https://wsjkw.sh.gov.cn/yqtb/index.html,上海2021年7月23日，无新增本地新冠肺炎确诊病例 新增境外输入2例,
1651714130-582,https://wsjkw.sh.gov.cn/yqtb/index.html,上海11月13日无新增本地新冠肺炎确诊病例 新增境外输入5例  治愈出院3例,
1651714130-110,https://wsjkw.sh.gov.cn/yqtb/index.html,上海2022年3月3日，新增本土新冠肺炎确诊病例2例 新增本土无症状感染者14例 新增境外输入性新冠肺炎确诊病例43例 新增境外输入性无症状感染者21例 解除医学观察无症状感染者1例 治愈出院9例,
1651714130-366,https://wsjkw.sh.gov.cn/yqtb/index.html,上海2021年6月18日，无新增本地新冠肺炎确诊病例 新增境外输入6例 治愈出院9例,
1651714130-236,https://wsjkw.sh.gov.cn/yqtb/index.html,上海2021年10月24日，无新增本地新冠肺炎确诊病例 新增境外输入1例  治愈出院4例,
1651714130-230,https://wsjkw.sh.gov.cn/yqtb/index.html,上海2021年10月30日，无新增本地新冠肺炎确诊病例 新增境外输入9例  治愈出院6例,
1651714130-779,https://wsjkw.sh.gov.cn/yqtb/index.html,上海5月24日无新增本地新冠肺炎确诊病例 无新增境外输入性新冠肺炎确诊病例 新增治愈出院1例,
1651714130-414,https://wsjkw.sh.gov.cn/yqtb/index.html,上海2021年5月1日，无新增本地新冠肺炎确诊病例 新增境外输入4例 治愈出院3例,
1651714130-1004,https://wsjkw.sh.gov.cn/yqtb/index.html,上海确诊第二例输入性 新型冠状病毒感染的肺炎病例,
1651714130-205,https://wsjkw.sh.gov.cn/yqtb/index.html,上海2021年11月26日，无新增本地新冠肺炎确诊病例 新增境外输入5例  治愈出院3例,
1651714130-615,https://wsjkw.sh.gov.cn/yqtb/index.html,上海10月11日无新增本地新冠肺炎确诊病例 新增境外输入5例  治愈出院1例,
1651714130-57,https://wsjkw.sh.gov.cn/yqtb/index.html,4月5日（0-24时）本市各区确诊病例、无症状感染者居住地信息,
1651714130-701,https://wsjkw.sh.gov.cn/yqtb/index.html,【最新】上海今天又有2例确诊病例痊愈出院，累计治愈出院711例,
1651714130-403,https://wsjkw.sh.gov.cn/yqtb/index.html,上海2021年5月12日，无新增本地新冠肺炎确诊病例 新增境外输入2例 治愈出院5例,
1651714130-790,https://wsjkw.sh.gov.cn/yqtb/index.html,上海有1例确诊病例今日出院，共计642例治愈出院,
1651714130-456,https://wsjkw.sh.gov.cn/yqtb/index.html,上海2021年3月18日，无新增本地新冠肺炎确诊病例 新增境外输入5例 治愈出院1例,
1651714130-171,https://wsjkw.sh.gov.cn/yqtb/index.html,上海2022年1月2日，无新增本土新冠肺炎确诊病例 新增本土无症状感染者1例 新增境外输入确诊病例26例 治愈出院7例,
1651714130-484,https://wsjkw.sh.gov.cn/yqtb/index.html,上海2021年2月17日，无新增本地新冠肺炎确诊病例 新增境外输入病例4例，治愈出院6例,
1651714130-722,https://wsjkw.sh.gov.cn/yqtb/index.html,上海7月6日无新增本地新冠肺炎确诊病例 新增境外输入2例  治愈出院4例,
1651714130-208,https://wsjkw.sh.gov.cn/yqtb/index.html,上海2021年11月23日，无新增本地新冠肺炎确诊病例 新增境外输入5例  治愈出院7例,
1651714130-298,https://wsjkw.sh.gov.cn/yqtb/index.html,上海2021年8月22日，无新增本地新冠肺炎确诊病例 新增境外输入4例 治愈出院2例,
1651714130-379,https://wsjkw.sh.gov.cn/yqtb/index.html,上海2021年6月5日，无新增本地新冠肺炎确诊病例 新增境外输入7例 治愈出院3例,
1651714130-987,https://wsjkw.sh.gov.cn/yqtb/index.html,好消息！上海又有10例确诊病例今早痊愈出院，目前共25例出院,
1651714130-479,https://wsjkw.sh.gov.cn/yqtb/index.html,上海2021年2月23日，无新增本地新冠肺炎确诊病例 新增境外输入病例3例  治愈出院3例,
1651714130-406,https://wsjkw.sh.gov.cn/yqtb/index.html,上海2021年5月9日，无新增本地新冠肺炎确诊病例 新增境外输入4例 治愈出院3例,
1651714130-88,https://wsjkw.sh.gov.cn/yqtb/index.html,上海2022年3月21日，新增本土新冠肺炎确诊病例31例 新增本土无症状感染者865例 新增境外输入性新冠肺炎确诊病例8例 新增境外输入性无症状感染者3例 治愈出院140例  解除医学观察无症状感染者186例,
1651714130-638,https://wsjkw.sh.gov.cn/yqtb/index.html,上海9月18日无新增本地新冠肺炎确诊病例 新增境外输入2例   治愈出院1例,
1651714130-228,https://wsjkw.sh.gov.cn/yqtb/index.html,上海2021年11月1日，无新增本地新冠肺炎确诊病例 新增境外输入5例  治愈出院9例,
1651714130-677,https://wsjkw.sh.gov.cn/yqtb/index.html,上海8月11日无新增本地新冠肺炎确诊病例 新增境外输入4例  治愈出院3例,
1651714130-838,https://wsjkw.sh.gov.cn/yqtb/index.html,上海有2例确诊病例今日出院，共计532例治愈出院,
1651714130-902,https://wsjkw.sh.gov.cn/yqtb/index.html,上海3月17日无新增本地新冠肺炎确诊病例，新增境外输入3例,
1651714130-235,https://wsjkw.sh.gov.cn/yqtb/index.html,上海2021年10月25日，无新增本地新冠肺炎确诊病例 新增境外输入2例  治愈出院6例,
1651714130-857,https://wsjkw.sh.gov.cn/yqtb/index.html,上海有8例确诊病例今日出院，共计446例治愈出院,
1651714130-914,https://wsjkw.sh.gov.cn/yqtb/index.html,昨日12-24时，上海无新增新型冠状病毒肺炎确诊病例,
1651714130-753,https://wsjkw.sh.gov.cn/yqtb/index.html,上海6月10日无新增本地新冠肺炎确诊病例 新增境外输入6例,
1651714130-632,https://wsjkw.sh.gov.cn/yqtb/index.html,上海9月24日无新增本地新冠肺炎确诊病例 新增境外输入4例  治愈出院2例,
1651714130-241,https://wsjkw.sh.gov.cn/yqtb/index.html,上海2021年10月19日，无新增本地新冠肺炎确诊病例 新增境外输入7例  治愈出院7例,
1651714130-888,https://wsjkw.sh.gov.cn/yqtb/index.html,上海3月25日无新增本地新冠肺炎确诊病例，新增境外输入18例,
1651714130-896,https://wsjkw.sh.gov.cn/yqtb/index.html,上海昨日无新增本地新冠肺炎确诊病例，治愈出院1例，死亡1例，新增境外输入14例,
1651714130-929,https://wsjkw.sh.gov.cn/yqtb/index.html,上海有2例确诊病例3月2日出院,
1651714130-181,https://wsjkw.sh.gov.cn/yqtb/index.html,上海2021年12月24日，无新增本土新冠肺炎确诊病例 新增境外输入15例  治愈出院6例,
1651714130-434,https://wsjkw.sh.gov.cn/yqtb/index.html,上海2021年4月11日，无新增本地新冠肺炎确诊病例 新增境外输入3例,
1651714130-916,https://wsjkw.sh.gov.cn/yqtb/index.html,上海有4例确诊病例今日出院，共计319例治愈出院,
1651714130-8,https://wsjkw.sh.gov.cn/yqtb/index.html,上海2022年4月30日，新增本土新冠肺炎确诊病例788例 新增本土无症状感染者7084例 新增境外输入性新冠肺炎确诊病例1例 新增境外输入性无症状感染者2例,
1651714130-768,https://wsjkw.sh.gov.cn/yqtb/index.html,上海5月31日无新增本地新冠肺炎确诊病例 无新增境外输入性新冠肺炎确诊病例,
1651714130-718,https://wsjkw.sh.gov.cn/yqtb/index.html,上海7月8日无新增本地新冠肺炎确诊病例 新增境外输入3例  治愈出院1例,
1651714130-516,https://wsjkw.sh.gov.cn/yqtb/index.html,上海2021年1月17日，无新增本地新冠肺炎确诊病例 新增境外输入4例  治愈出院6例,
1651714130-874,https://wsjkw.sh.gov.cn/yqtb/index.html,上海有5例确诊病例今日出院，共计348例治愈出院,
1651714130-87,https://wsjkw.sh.gov.cn/yqtb/index.html,3月21日（0-24时）本市各区确诊病例、无症状感染者居住地信息,
1651714130-517,https://wsjkw.sh.gov.cn/yqtb/index.html,上海2021年1月16日，无新增本地新冠肺炎确诊病例 新增境外输入4例  治愈出院8例,
1651714130-258,https://wsjkw.sh.gov.cn/yqtb/index.html,上海2021年10月3日，无新增本地新冠肺炎确诊病例 新增境外输入3例  治愈出院4例,
1651714130-827,https://wsjkw.sh.gov.cn/yqtb/index.html,上海有3例确诊病例今日出院，共计584例治愈出院,
1651714130-736,https://wsjkw.sh.gov.cn/yqtb/index.html,上海6月24日无新增本地新冠肺炎确诊病例 无新增境外输入性新冠肺炎确诊病例 治愈出院1例,
1651714130-72,https://wsjkw.sh.gov.cn/yqtb/index.html,上海2022年3月29日，新增本土新冠肺炎确诊病例326例 新增本土无症状感染者5656例 新增境外输入性新冠肺炎确诊病例3例 新增境外输入性无症状感染者2例 治愈出院45例,
1651714130-686,https://wsjkw.sh.gov.cn/yqtb/index.html,上海8月3日无新增本地新冠肺炎确诊病例 新增境外输入1例  治愈出院2例,
1651714130-505,https://wsjkw.sh.gov.cn/yqtb/index.html,上海2021年1月26日，新增本地新冠肺炎确诊病例1例 新增境外输入5例  治愈出院14例,
1651714130-504,https://wsjkw.sh.gov.cn/yqtb/index.html,上海2021年1月27日，无新增本地新冠肺炎确诊病例 新增境外输入7例  治愈出院3例,
1651714130-776,https://wsjkw.sh.gov.cn/yqtb/index.html,上海有1例确诊病例今日出院，共计653例治愈出院,
1651714130-695,https://wsjkw.sh.gov.cn/yqtb/index.html,上海有1例确诊病例今日出院，共计718例治愈出院,
1651714130-217,https://wsjkw.sh.gov.cn/yqtb/index.html,上海2021年11月14日，无新增本地新冠肺炎确诊病例 新增境外输入5例  治愈出院3例,
1651714130-68,https://wsjkw.sh.gov.cn/yqtb/index.html,上海2022年3月31日，新增本土新冠肺炎确诊病例358例 新增本土无症状感染者4144例 新增境外输入性新冠肺炎确诊病例7例 新增境外输入性无症状感染者1例 治愈出院26例,
1651714130-660,https://wsjkw.sh.gov.cn/yqtb/index.html,上海8月27日新增本地新冠肺炎确诊病例 新增境外输入3例  治愈出院12例,
1651714130-898,https://wsjkw.sh.gov.cn/yqtb/index.html,上海3月20日无新增本地新冠肺炎确诊病例，新增境外输入9例,
1651714130-620,https://wsjkw.sh.gov.cn/yqtb/index.html,上海10月6日无新增本地新冠肺炎确诊病例 新增境外输入1例  治愈出院2例,
1651714130-805,https://wsjkw.sh.gov.cn/yqtb/index.html,上海5月10日无新增本地新冠肺炎确诊病例 无新增境外输入性新冠肺炎确诊病例 新增治愈出院1例,
1651714130-862,https://wsjkw.sh.gov.cn/yqtb/index.html,上海4月9日无新增本地新冠肺炎确诊病例 新增境外输入3例 治愈出院5例,
1651714130-381,https://wsjkw.sh.gov.cn/yqtb/index.html,上海2021年6月3日，无新增本地新冠肺炎确诊病例 新增境外输入5例 治愈出院5例,
1651714130-940,https://wsjkw.sh.gov.cn/yqtb/index.html,上海公布2月22日（0-24时） 确诊病例涉及区域和场所情况,
1651714130-643,https://wsjkw.sh.gov.cn/yqtb/index.html,上海9月13日无新增本地新冠肺炎确诊病例 新增境外输入5例  治愈出院7例,
1651714130-976,https://wsjkw.sh.gov.cn/yqtb/index.html,上海新增2例新型冠状病毒感染的肺炎确诊病例,
1651714130-571,https://wsjkw.sh.gov.cn/yqtb/index.html,上海11月23日新增1例本地新冠肺炎确诊病例 新增境外输入3例  治愈出院6例,
1651714130-399,https://wsjkw.sh.gov.cn/yqtb/index.html,上海2021年5月16日，无新增本地新冠肺炎确诊病例 新增境外输入6例 治愈出院4例,
1651714130-535,https://wsjkw.sh.gov.cn/yqtb/index.html,上海12月29日无新增本地新冠肺炎确诊病例 新增境外输入7例 治愈出院11例,
1651714130-527,https://wsjkw.sh.gov.cn/yqtb/index.html,上海2021年1月6日，无新增本地新冠肺炎确诊病例 新增境外输入5例  治愈出院2例,
1651714130-288,https://wsjkw.sh.gov.cn/yqtb/index.html,上海2021年8月30日，无新增本地新冠肺炎确诊病例 新增境外输入4例  治愈出院2例,
1651714130-510,https://wsjkw.sh.gov.cn/yqtb/index.html,【最新】昨天确诊病例的相关筛查人员15073人，核酸检测结果均为阴性,
1651714130-63,https://wsjkw.sh.gov.cn/yqtb/index.html,4月2日（0-24时）本市各区确诊病例、无症状感染者居住地信息,
1651714130-3,https://wsjkw.sh.gov.cn/yqtb/index.html,5月2日（0-24时）本市各区确诊病例、无症状感染者居住地信息,
1651714130-833,https://wsjkw.sh.gov.cn/yqtb/index.html,上海4月24日无新增本地新冠肺炎确诊病例 无新增境外输入性新冠肺炎确诊病例 治愈出院14例,
1651714130-91,https://wsjkw.sh.gov.cn/yqtb/index.html,3月19日（0-24时）本市各区确诊病例、无症状感染者居住地信息,
1651714130-461,https://wsjkw.sh.gov.cn/yqtb/index.html,上海2021年3月13日，无新增本地新冠肺炎确诊病例 新增境外输入4例 治愈出院4例,
1651714130-804,https://wsjkw.sh.gov.cn/yqtb/index.html,上海5月11日无新增本地新冠肺炎确诊病例 无新增境外输入性新冠肺炎确诊病例,
1651714130-1005,https://wsjkw.sh.gov.cn/yqtb/index.html,国家卫健委确认上海首例输入性 新型冠状病毒感染的肺炎确诊病例,
1651714130-572,https://wsjkw.sh.gov.cn/yqtb/index.html,上海11月22日新增2例本地新冠肺炎确诊病例 新增境外输入1例  治愈出院3例,
1651714130-58,https://wsjkw.sh.gov.cn/yqtb/index.html,上海2022年4月5日，新增本土新冠肺炎确诊病例311例 新增本土无症状感染者16766例 新增境外输入性新冠肺炎确诊病例4例 新增境外输入性无症状感染者1例 治愈出院41例,
1651714130-696,https://wsjkw.sh.gov.cn/yqtb/index.html,上海7月26日无新增本地新冠肺炎确诊病例 无新增境外输入性新冠肺炎确诊病例 治愈出院1例,
1651714130-257,https://wsjkw.sh.gov.cn/yqtb/index.html,上海2021年10月4日 无新增本地新冠肺炎确诊病例 新增境外输入6例  治愈出院1例,
1651714130-121,https://wsjkw.sh.gov.cn/yqtb/index.html,上海2022年2月20日，无新增本土新冠肺炎确诊病例 新增本土无症状感染者2例 新增境外输入性新冠肺炎确诊病例27例 新增境外输入性无症状感染者3例 治愈出院3例,
1651714130-376,https://wsjkw.sh.gov.cn/yqtb/index.html,上海2021年6月8日，无新增本地新冠肺炎确诊病例 新增境外输入2例  治愈出院5例,
1651714130-11,https://wsjkw.sh.gov.cn/yqtb/index.html,4月28日（0-24时）本市各区确诊病例、无症状感染者居住地信息,
1651714130-641,https://wsjkw.sh.gov.cn/yqtb/index.html,上海9月15日无新增本地新冠肺炎确诊病例 新增境外输入2例  治愈出院4例,
1651714130-820,https://wsjkw.sh.gov.cn/yqtb/index.html,上海有13例确诊病例今日出院，共计612例治愈出院,
1651714130-727,https://wsjkw.sh.gov.cn/yqtb/index.html,上海7月2日无新增本地新冠肺炎确诊病例 新增境外输入1例  治愈出院1例,
1651714130-262,https://wsjkw.sh.gov.cn/yqtb/index.html,上海2021年9月27日，无新增本地新冠肺炎确诊病例 无新增境外输入病例  治愈出院7例,
1651714130-349,https://wsjkw.sh.gov.cn/yqtb/index.html,上海2021年7月6日，无新增本地新冠肺炎确诊病例 新增境外输入4例 治愈出院1例,
1651714130-692,https://wsjkw.sh.gov.cn/yqtb/index.html,上海7月28日无新增本地新冠肺炎确诊病例 新增境外输入1例  治愈出院1例,
1651714130-67,https://wsjkw.sh.gov.cn/yqtb/index.html,3月31日（0-24时）本市各区确诊病例、无症状感染者居住地信息,
1651714130-864,https://wsjkw.sh.gov.cn/yqtb/index.html,上海4月8日无新增本地新冠肺炎确诊病例 新增境外输入9例 治愈出院11例,
1651714130-413,https://wsjkw.sh.gov.cn/yqtb/index.html,上海2021年5月2日，无新增本地新冠肺炎确诊病例 新增境外输入5例 治愈出院4例,
1651714130-158,https://wsjkw.sh.gov.cn/yqtb/index.html,上海2022年1月15日，无新增本土新冠肺炎确诊病例 新增本土无症状感染者3例 新增境外输入性无症状感染者2例 新增境外输入性新冠肺炎确诊病例24例  治愈出院6例,
1651714130-146,https://wsjkw.sh.gov.cn/yqtb/index.html,上海2022年1月26日，新增本土新冠肺炎确诊病例1例，新增境外输入病例20例 治愈出院36例 解除医学观察无症状感染者1例,
1651714130-852,https://wsjkw.sh.gov.cn/yqtb/index.html,上海4月14日无新增本地新冠肺炎确诊病例 新增境外输入4例 治愈出院10例,
1651714130-814,https://wsjkw.sh.gov.cn/yqtb/index.html,上海有1例确诊病例今日出院，共计620例治愈出院,
1651714130-391,https://wsjkw.sh.gov.cn/yqtb/index.html,上海2021年5月24日，无新增本地新冠肺炎确诊病例 新增境外输入3例 治愈出院4例,
1651714130-674,https://wsjkw.sh.gov.cn/yqtb/index.html,上海8月13日无新增本地新冠肺炎确诊病例 新增境外输入16例  治愈出院2例,
1651714130-508,https://wsjkw.sh.gov.cn/yqtb/index.html,上海2021年1月23日，新增本地新冠肺炎确诊病例3例 新增境外输入3例  治愈出院5例,
1651714130-541,https://wsjkw.sh.gov.cn/yqtb/index.html,上海12月23日无新增本地新冠肺炎确诊病例 新增境外输入6例  治愈出院4例,
1651714130-143,https://wsjkw.sh.gov.cn/yqtb/index.html,上海2022年1月29日，无新增本土新冠肺炎确诊病例 新增境外输入10例  治愈出院30例,
1651714130-245,https://wsjkw.sh.gov.cn/yqtb/index.html,上海2021年10月16日，无新增本地新冠肺炎确诊病例 新增境外输入5例  治愈出院1例,
1651714130-442,https://wsjkw.sh.gov.cn/yqtb/index.html,上海2021年4月2日，无新增本地新冠肺炎确诊病例 新增境外输入4例 治愈出院5例,
1651714130-361,https://wsjkw.sh.gov.cn/yqtb/index.html,上海2021年6月23日，无新增本地新冠肺炎确诊病例 无新增境外输入病例 治愈出院17例,
1651714130-172,https://wsjkw.sh.gov.cn/yqtb/index.html,上海2022年1月1日，无新增本土新冠肺炎确诊病例 新增境外输入18例 治愈出院12例,
1651714130-337,https://wsjkw.sh.gov.cn/yqtb/index.html,上海2021年7月18日，无新增本地新冠肺炎确诊病例 新增境外输入4例 治愈出院1例,
1651714130-103,https://wsjkw.sh.gov.cn/yqtb/index.html,上海2022年3月10日，新增本土新冠肺炎确诊病例11例 新增本土无症状感染者64例 新增境外输入性新冠肺炎确诊病例32例 新增境外输入性无症状感染者10例 治愈出院17例  解除医学观察无症状感染者7例,
1651714130-792,https://wsjkw.sh.gov.cn/yqtb/index.html,市卫健委公布湖北来沪确诊病例详情，已追踪到其在本市的密切接触者21人,
1651714130-363,https://wsjkw.sh.gov.cn/yqtb/index.html,"上海2021年6月21日,无新增本地新冠肺炎确诊病例 新增境外输入1例 治愈出院7例",
1651714130-325,https://wsjkw.sh.gov.cn/yqtb/index.html,上海2021年7月30日，无新增本地新冠肺炎确诊病例 新增境外输入8例  治愈出院2例,
1651714130-974,https://wsjkw.sh.gov.cn/yqtb/index.html,上海有4例确诊病例2月10日出院,
1651714130-664,https://wsjkw.sh.gov.cn/yqtb/index.html,上海8月23日无新增本地新冠肺炎确诊病例 新增境外输入5例  治愈出院10例,
1651714130-825,https://wsjkw.sh.gov.cn/yqtb/index.html,上海4月28日无新增本地新冠肺炎确诊病例 新增境外输入1例 治愈出院3例,
1651714130-807,https://wsjkw.sh.gov.cn/yqtb/index.html,上海5月9日无新增本地新冠肺炎确诊病例 新增境外输入2例  治愈出院3例,
1651714130-609,https://wsjkw.sh.gov.cn/yqtb/index.html,上海10月17日无新增本地新冠肺炎确诊病例 新增境外输入5例  治愈出院6例,
1651714130-426,https://wsjkw.sh.gov.cn/yqtb/index.html,上海2021年4月19日，无新增本地新冠肺炎确诊病例 新增境外输入3例 治愈出院1例,
1651714130-743,https://wsjkw.sh.gov.cn/yqtb/index.html,上海昨日无新增本地新冠肺炎确诊病例，新增境外输入1例,
1651714130-521,https://wsjkw.sh.gov.cn/yqtb/index.html,"上海2021年1月12日,无新增本地新冠肺炎确诊病例 新增境外输入5例  治愈出院6例",
1651714130-851,https://wsjkw.sh.gov.cn/yqtb/index.html,上海有17例确诊病例今日出院，共计485例治愈出院,
1651714130-237,https://wsjkw.sh.gov.cn/yqtb/index.html,上海2021年10月23日，无新增本地新冠肺炎确诊病例 新增境外输入4例  治愈出院1例,
1651714130-873,https://wsjkw.sh.gov.cn/yqtb/index.html,上海4月3日无新增本地新冠肺炎确诊病例 新增境外输入3例   治愈出院5例,
1651714130-842,https://wsjkw.sh.gov.cn/yqtb/index.html,上海4月19日无新增本地新冠肺炎确诊病例 新增境外输入3例 治愈出院5例,
1651714130-394,https://wsjkw.sh.gov.cn/yqtb/index.html,上海2021年5月21日，无新增本地新冠肺炎确诊病例 新增境外输入1例 治愈出院4例,
1651714130-659,https://wsjkw.sh.gov.cn/yqtb/index.html,上海8月28日无新增本地新冠肺炎确诊病例 新增境外输入3例  治愈出院7例,
1651714130-76,https://wsjkw.sh.gov.cn/yqtb/index.html,上海2022年3月27日，新增本土新冠肺炎确诊病例50例 新增本土无症状感染者3450例 新增境外输入性新冠肺炎确诊病例10例 新增境外输入性无症状感染者4例 治愈出院37例,
1651714130-690,https://wsjkw.sh.gov.cn/yqtb/index.html,上海7月30日无新增本地新冠肺炎确诊病例 无新增境外输入性新冠肺炎确诊病例 治愈出院1例,
1651714130-596,https://wsjkw.sh.gov.cn/yqtb/index.html,上海10月30日无新增本地新冠肺炎确诊病例 新增境外输入8例  治愈出院8例,
1651714130-496,https://wsjkw.sh.gov.cn/yqtb/index.html,上海2021年2月4日，新增本地新冠肺炎确诊病例1例 新增境外输入9例  治愈出院8例,
1651714130-908,https://wsjkw.sh.gov.cn/yqtb/index.html,昨日12-24时，上海新增1例境外输入型新型冠状病毒肺炎确诊病例,
1651714130-781,https://wsjkw.sh.gov.cn/yqtb/index.html,上海5月23日无新增本地新冠肺炎确诊病例 新增境外输入1例,
1651714130-273,https://wsjkw.sh.gov.cn/yqtb/index.html,上海2021年9月14日，无新增本地新冠肺炎确诊病例 新增境外输入2例  治愈出院10例,
1651714130-108,https://wsjkw.sh.gov.cn/yqtb/index.html,上海2022年3月5日，无新增本土新冠肺炎确诊病例 新增本土无症状感染者28例 新增境外输入性新冠肺炎确诊病例25例 新增境外输入性无症状感染者10例 解除医学观察无症状感染者4例 治愈出院8例,
1651714130-7,https://wsjkw.sh.gov.cn/yqtb/index.html,4月30日（0-24时）本市各区确诊病例、无症状感染者居住地信息,
1651714130-223,https://wsjkw.sh.gov.cn/yqtb/index.html,上海2021年11月7日，无新增本地新冠肺炎确诊病例 新增境外输入6例  治愈出院4例,
1651714130-431,https://wsjkw.sh.gov.cn/yqtb/index.html,上海2021年4月14日，无新增本地新冠肺炎确诊病例 新增境外输入3例  治愈出院5例,
1651714130-840,https://wsjkw.sh.gov.cn/yqtb/index.html,上海4月20日无新增本地新冠肺炎确诊病例 无新增境外输入性新冠肺炎确诊病例 治愈出院9例,
1651714130-813,https://wsjkw.sh.gov.cn/yqtb/index.html,上海5月5日无新增本地新冠肺炎确诊病例 无新增境外输入性新冠肺炎确诊病例 治愈出院1例,
1651714130-985,https://wsjkw.sh.gov.cn/yqtb/index.html,上海新增12例新型冠状病毒感染的肺炎确诊病例,
1651714130-798,https://wsjkw.sh.gov.cn/yqtb/index.html,上海有2例确诊病例今日出院，共计640例治愈出院,
1651714130-210,https://wsjkw.sh.gov.cn/yqtb/index.html,上海2021年11月21日，无新增本地新冠肺炎确诊病例 新增境外输入5例  治愈出院6例,
1651714130-667,https://wsjkw.sh.gov.cn/yqtb/index.html,上海8月20日无新增本地新冠肺炎确诊病例 新增境外输入11例  治愈出院8例,
1651714130-483,https://wsjkw.sh.gov.cn/yqtb/index.html,上海2021年2月18日，无新增本地新冠肺炎确诊病例 新增境外输入病例7例 治愈出院6例,
1651714130-473,https://wsjkw.sh.gov.cn/yqtb/index.html,上海2021年3月1日，无新增本地新冠肺炎确诊病例 新增境外输入1例 治愈出院5例,
1651714130-725,https://wsjkw.sh.gov.cn/yqtb/index.html,上海7月3日无新增本地新冠肺炎确诊病例 新增境外输入1例  治愈出院3例,
1651714130-547,https://wsjkw.sh.gov.cn/yqtb/index.html,上海12月17日无新增本地新冠肺炎确诊病例 新增境外输入4例  出院3例,
1651714130-86,https://wsjkw.sh.gov.cn/yqtb/index.html,上海2022年3月22日，新增本土新冠肺炎确诊病例4例 新增本土无症状感染者977例 新增境外输入性新冠肺炎确诊病例10例 新增境外输入性无症状感染者4例 治愈出院23例  解除医学观察无症状感染者79例,
1651714130-540,https://wsjkw.sh.gov.cn/yqtb/index.html,上海12月24日无新增本地新冠肺炎确诊病例 新增境外输入4例  治愈出院5例,
1651714130-567,https://wsjkw.sh.gov.cn/yqtb/index.html,上海11月27日无新增本地新冠肺炎确诊病例 无新增境外输入性新冠肺炎确诊病例 治愈出院4例,
1651714130-573,https://wsjkw.sh.gov.cn/yqtb/index.html,上海11月21日新增1例本地新冠肺炎确诊病例 新增境外输入3例  治愈出院2例,
1651714130-494,https://wsjkw.sh.gov.cn/yqtb/index.html,上海2021年2月6日，无新增本地新冠肺炎确诊病例 新增境外输入3例  治愈出院5例,
1651714130-425,https://wsjkw.sh.gov.cn/yqtb/index.html,上海2021年4月20日，无新增本地新冠肺炎确诊病例 新增境外输入3例 治愈出院5例,
1651714130-939,https://wsjkw.sh.gov.cn/yqtb/index.html,出院率超74％！上海今天又有22例确诊病例痊愈出院,
1651714130-678,https://wsjkw.sh.gov.cn/yqtb/index.html,上海有3例确诊病例8月11日出院,
1651714130-352,https://wsjkw.sh.gov.cn/yqtb/index.html,上海2021年7月3日，无新增本地新冠肺炎确诊病例 新增境外输入1例 治愈出院2例,
1651714130-691,https://wsjkw.sh.gov.cn/yqtb/index.html,上海7月29日无新增本地新冠肺炎确诊病例 无新增境外输入性新冠肺炎确诊病例,
1651714130-519,https://wsjkw.sh.gov.cn/yqtb/index.html,上海2021年1月14日，无新增本地新冠肺炎确诊病例 新增境外输入2例  治愈出院8例,
1651714130-834,https://wsjkw.sh.gov.cn/yqtb/index.html,上海有14例确诊病例今日出院，共计547例治愈出院,
1651714130-353,https://wsjkw.sh.gov.cn/yqtb/index.html,上海2021年7月2日，无新增本地新冠肺炎确诊病例 新增境外输入4例 治愈出院4例,
1651714130-44,https://wsjkw.sh.gov.cn/yqtb/index.html,上海2022年4月12日，新增本土新冠肺炎确诊病例1189例 新增本土无症状感染者25141例 新增境外输入性新冠肺炎确诊病例1例 无新增境外输入性无症状感染者 治愈出院341例,
1651714130-900,https://wsjkw.sh.gov.cn/yqtb/index.html,上海昨日无新增本地新冠肺炎确诊病例，新增境外输入2例，治愈出院1例,
1651714130-644,https://wsjkw.sh.gov.cn/yqtb/index.html,上海9月12日无新增本地新冠肺炎确诊病例 新增境外输入3例  治愈出院3例,
1651714130-308,https://wsjkw.sh.gov.cn/yqtb/index.html,上海2021年8月15日，无新增本地新冠肺炎确诊病例 新增境外输入2例  治愈出院3例,
1651714130-239,https://wsjkw.sh.gov.cn/yqtb/index.html,上海2021年10月21日，无新增本地新冠肺炎确诊病例 新增境外输入2例  治愈出院8例,
1651714130-897,https://wsjkw.sh.gov.cn/yqtb/index.html,上海有1例确诊病例今日出院，共计327例治愈出院,
1651714130-225,https://wsjkw.sh.gov.cn/yqtb/index.html,上海2021年11月4日，无新增本地新冠肺炎确诊病例 新增境外输入3例  治愈出院2例,
1651714130-141,https://wsjkw.sh.gov.cn/yqtb/index.html,上海2022年1月31日，无新增本土新冠肺炎确诊病例 新增境外输入18例  治愈出院25例 解除医学观察无症状感染者3例,
1651714130-15,https://wsjkw.sh.gov.cn/yqtb/index.html,4月26日（0-24时）本市各区确诊病例、无症状感染者居住地信息,
1651714130-737,https://wsjkw.sh.gov.cn/yqtb/index.html,上海有1例确诊病例今日出院，共计670例治愈出院,
1651714130-25,https://wsjkw.sh.gov.cn/yqtb/index.html,4月21日（0-24时）本市各区确诊病例、无症状感染者居住地信息,
1651714130-559,https://wsjkw.sh.gov.cn/yqtb/index.html,上海12月5日无新增本地新冠肺炎确诊病例 新增境外输入6例 治愈出院3例,
1651714130-971,https://wsjkw.sh.gov.cn/yqtb/index.html,【辟谣】非上海户籍不再列入新增确诊病例？ 市卫健委辟谣了,
1651714130-43,https://wsjkw.sh.gov.cn/yqtb/index.html,【最新】4月12日（0-24时）本市各区确诊病例、无症状感染者居住地信息,
1651714130-293,https://wsjkw.sh.gov.cn/yqtb/index.html,上海2021年8月26日，新增本地新冠肺炎确诊病例1例 新增境外输入7例  治愈出院6例,
1651714130-440,https://wsjkw.sh.gov.cn/yqtb/index.html,上海2021年4月4日，无新增本地新冠肺炎确诊病例 新增境外输入3例 治愈出院6例,
1651714130-382,https://wsjkw.sh.gov.cn/yqtb/index.html,上海2021年6月2日，无新增本地新冠肺炎确诊病例 新增境外输入3例 治愈出院2例,
1651714130-250,https://wsjkw.sh.gov.cn/yqtb/index.html,上海2021年10月11日，无新增本地新冠肺炎确诊病例 新增境外输入3例  治愈出院9例,
1651714130-9,https://wsjkw.sh.gov.cn/yqtb/index.html,4月29日（0-24时）本市各区确诊病例、无症状感染者居住地信息,
1651714130-17,https://wsjkw.sh.gov.cn/yqtb/index.html,【最新】4月25日（0-24时）本市各区确诊病例、无症状感染者居住地信息,
1651714130-564,https://wsjkw.sh.gov.cn/yqtb/index.html,上海11月30日无新增本地新冠肺炎确诊病例 新增境外输入2例  治愈出院5例,
1651714130-530,https://wsjkw.sh.gov.cn/yqtb/index.html,上海2021年1月3日，无新增本地新冠肺炎确诊病例 新增境外输入4例  治愈出院5例,
1651714130-275,https://wsjkw.sh.gov.cn/yqtb/index.html,上海2021年9月12日，无新增本地新冠肺炎确诊病例 新增境外输入5例  治愈出院8例,
1651714130-471,https://wsjkw.sh.gov.cn/yqtb/index.html,上海2021年3月3日，无新增本地新冠肺炎确诊病例 新增境外输入5例 治愈出院4例,
1651714130-169,https://wsjkw.sh.gov.cn/yqtb/index.html,上海2022年1月4日，无新增本土新冠肺炎确诊病例 新增本土无症状感染者4例 解除医学观察无症状感染者1例 新增境外输入确诊病例17例 治愈出院9例,
1651714130-285,https://wsjkw.sh.gov.cn/yqtb/index.html,上海2021年9月2日，无新增本地新冠肺炎确诊病例 新增境外输入8例  治愈出院5例,
1651714130-140,https://wsjkw.sh.gov.cn/yqtb/index.html,上海2022年2月1日，无新增本土新冠肺炎确诊病例 新增境外输入18例  治愈出院38例 解除医学观察无症状感染者1例,
1651714130-189,https://wsjkw.sh.gov.cn/yqtb/index.html,上海2021年12月16日，无新增本土新冠肺炎确诊病例 新增境外输入3例,
1651714130-773,https://wsjkw.sh.gov.cn/yqtb/index.html,上海5月27日无新增本地新冠肺炎确诊病例 新增境外输入1例   治愈出院2例,
1651714130-174,https://wsjkw.sh.gov.cn/yqtb/index.html,上海2021年12月30日，无新增本土新冠肺炎确诊病例 新增境外输入9例  治愈出院3例,
1651714130-774,https://wsjkw.sh.gov.cn/yqtb/index.html,上海有2例确诊病例5月27日出院,
1651714130-687,https://wsjkw.sh.gov.cn/yqtb/index.html,上海8月2日无新增本地新冠肺炎确诊病例 无新增境外输入性新冠肺炎确诊病例,
1651714130-947,https://wsjkw.sh.gov.cn/yqtb/index.html,上海昨天全天无新增新型冠状病毒肺炎确诊病例,
1651714130-37,https://wsjkw.sh.gov.cn/yqtb/index.html,4月15日（0-24时）本市各区确诊病例、无症状感染者居住地信息,
1651714130-340,https://wsjkw.sh.gov.cn/yqtb/index.html,上海2021年7月15日，无新增本地新冠肺炎确诊病例 新增境外输入6例,
1651714130-599,https://wsjkw.sh.gov.cn/yqtb/index.html,上海10月27日无新增本地新冠肺炎确诊病例 新增境外输入7例  治愈出院2例,
1651714130-649,https://wsjkw.sh.gov.cn/yqtb/index.html,上海9月7日无新增本地新冠肺炎确诊病例 无新增境外输入性新冠肺炎确诊病例 治愈出院3例,
1651714130-745,https://wsjkw.sh.gov.cn/yqtb/index.html,上海6月17日无新增本地新冠肺炎确诊病例 新增境外输入2例  治愈出院1例,
1651714130-432,https://wsjkw.sh.gov.cn/yqtb/index.html,上海2021年4月13日，无新增本地新冠肺炎确诊病例 新增境外输入5例 治愈出院1例,
1651714130-499,https://wsjkw.sh.gov.cn/yqtb/index.html,上海2021年2月1日，无新增本地新冠肺炎确诊病例 新增境外输入7例  治愈出院2例,
1651714130-156,https://wsjkw.sh.gov.cn/yqtb/index.html,上海2022年1月17日，无新增本土新冠肺炎确诊病例 新增境外输入17例  治愈出院13例,
1651714130-312,https://wsjkw.sh.gov.cn/yqtb/index.html,上海2021年8月11日，无新增本地新冠肺炎确诊病例 新增境外输入5例   治愈出院1例,
1651714130-617,https://wsjkw.sh.gov.cn/yqtb/index.html,上海10月9日无新增本地新冠肺炎确诊病例 新增境外输入2例  治愈出院5例,
1651714130-246,https://wsjkw.sh.gov.cn/yqtb/index.html,上海2021年10月15日，无新增本地新冠肺炎确诊病例 新增境外输入4例  治愈出院4例,
1651714130-309,https://wsjkw.sh.gov.cn/yqtb/index.html,上海2021年8月14日，无新增本地新冠肺炎确诊病例 新增境外输入6例   治愈出院1例,
1651714130-579,https://wsjkw.sh.gov.cn/yqtb/index.html,上海11月16日无新增本地新冠肺炎确诊病例 新增境外输入4例  治愈出院15例,
1651714130-170,https://wsjkw.sh.gov.cn/yqtb/index.html,上海2022年1月3日，无新增本土新冠肺炎确诊病例 新增本土无症状感染者2例 解除医学观察无症状感染者1例 新增境外输入确诊病例29例 治愈出院8例,
1651714130-606,https://wsjkw.sh.gov.cn/yqtb/index.html,上海10月20日无新增本地新冠肺炎确诊病例 新增境外输入2例  出院8例,
1651714130-328,https://wsjkw.sh.gov.cn/yqtb/index.html,上海2021年7月27日，无新增本地新冠肺炎确诊病例 新增境外输入1例  治愈出院1例,
1651714130-164,https://wsjkw.sh.gov.cn/yqtb/index.html,上海2022年1月9日，无新增本土新冠肺炎确诊病例 新增境外输入26例  治愈出院10例,
1651714130-782,https://wsjkw.sh.gov.cn/yqtb/index.html,上海5月22日无新增本地新冠肺炎确诊病例 无新增境外输入性新冠肺炎确诊病例 新增治愈出院1例,
1651714130-961,https://wsjkw.sh.gov.cn/yqtb/index.html,上海新增8例新型冠状病毒肺炎确诊病例,
1651714130-608,https://wsjkw.sh.gov.cn/yqtb/index.html,上海10月18日无新增本地新冠肺炎确诊病例 新增境外输入5例  治愈出院8例,
1651714130-604,https://wsjkw.sh.gov.cn/yqtb/index.html,上海10月22日无新增本地新冠肺炎确诊病例 新增境外输入9例  治愈出院2例,
1651714130-791,https://wsjkw.sh.gov.cn/yqtb/index.html,上海5月18日无新增本地新冠肺炎确诊病例 无新增境外输入性新冠肺炎确诊病例,
1651714130-315,https://wsjkw.sh.gov.cn/yqtb/index.html,上海2021年8月8日，无新增本地新冠肺炎确诊病例 新增境外输入8例   治愈出院2例,
1651714130-919,https://wsjkw.sh.gov.cn/yqtb/index.html,上海有1例确诊病例3月8日出院,
1651714130-806,https://wsjkw.sh.gov.cn/yqtb/index.html,上海有1例确诊病例今日出院，共计627例治愈出院,
1651714130-429,https://wsjkw.sh.gov.cn/yqtb/index.html,上海2021年4月16日，无新增本地新冠肺炎确诊病例 新增境外输入3例,
1651714130-109,https://wsjkw.sh.gov.cn/yqtb/index.html,上海2022年3月4日，新增本土新冠肺炎确诊病例3例 新增本土无症状感染者16例 新增境外输入性新冠肺炎确诊病例24例 新增境外输入性无症状感染者10例 治愈出院12例,
1651714130-78,https://wsjkw.sh.gov.cn/yqtb/index.html,上海2022年3月26日，新增本土新冠肺炎确诊病例45例 新增本土无症状感染者2631例 新增境外输入性新冠肺炎确诊病例6例 新增境外输入性无症状感染者2例 治愈出院33例,
1651714130-464,https://wsjkw.sh.gov.cn/yqtb/index.html,上海2021年3月10日，无新增本地新冠肺炎确诊病例 新增境外输入5例 治愈出院3例,
1651714130-740,https://wsjkw.sh.gov.cn/yqtb/index.html,上海有1例确诊病例今日出院，共计669例治愈出院,
1651714130-846,https://wsjkw.sh.gov.cn/yqtb/index.html,上海4月17日无新增本地新冠肺炎确诊病例 无新增境外输入性新冠肺炎确诊病例 治愈出院23例,
1651714130-371,https://wsjkw.sh.gov.cn/yqtb/index.html,上海2021年6月13日，无新增本地新冠肺炎确诊病例 新增境外输入5例,
1651714130-650,https://wsjkw.sh.gov.cn/yqtb/index.html,上海9月6日无新增本地新冠肺炎确诊病例 新增境外输入4例  治愈出院3例,
1651714130-556,https://wsjkw.sh.gov.cn/yqtb/index.html,上海12月8日无新增本地新冠肺炎确诊病例 新增境外输入6例  治愈出院1例,
1651714130-370,https://wsjkw.sh.gov.cn/yqtb/index.html,上海2021年6月14日，无新增本地新冠肺炎确诊病例 新增境外输入5例,
1651714130-815,https://wsjkw.sh.gov.cn/yqtb/index.html,上海5月4日无新增本地新冠肺炎确诊病例 新增境外输入1例 治愈出院4例,
1651714130-922,https://wsjkw.sh.gov.cn/yqtb/index.html,出院率超9成！上海今天又有3例确诊病例痊愈出院，累计出院306人,
1651714130-590,https://wsjkw.sh.gov.cn/yqtb/index.html,上海11月5日无新增本地新冠肺炎确诊病例 新增境外输入15例  治愈出院5例,
1651714130-601,https://wsjkw.sh.gov.cn/yqtb/index.html,上海10月25日无新增本地新冠肺炎确诊病例 新增境外输入11例  治愈出院11例,
1651714130-951,https://wsjkw.sh.gov.cn/yqtb/index.html,又有21例痊愈出院！上海目前的确诊病例中已近一半出院,
1651714130-901,https://wsjkw.sh.gov.cn/yqtb/index.html,上海有1例确诊病例今日出院，共计326例治愈出院,
1651714130-934,https://wsjkw.sh.gov.cn/yqtb/index.html,上海公布2月26日（0-24时） 确诊病例涉及区域和场所情况,
1651714130-195,https://wsjkw.sh.gov.cn/yqtb/index.html,上海2021年12月10日，无新增本土新冠肺炎确诊病例 新增境外输入6例  治愈出院9例,
1651714130-489,https://wsjkw.sh.gov.cn/yqtb/index.html,上海2021年2月11日，无新增本地新冠肺炎确诊病例 新增境外输入7例  治愈出院7例,
1651714130-451,https://wsjkw.sh.gov.cn/yqtb/index.html,上海2021年3月23日，无新增本地新冠肺炎确诊病例 新增境外输入3例 治愈出院4例,
1651714130-624,https://wsjkw.sh.gov.cn/yqtb/index.html,上海10月2日无新增本地新冠肺炎确诊病例 新增境外输入4例  治愈出院3例,
1651714130-358,https://wsjkw.sh.gov.cn/yqtb/index.html,上海2021年6月26日，无新增本地新冠肺炎确诊病例 新增境外输入1例,
1651714130-640,https://wsjkw.sh.gov.cn/yqtb/index.html,上海9月16日无新增本地新冠肺炎确诊病例 新增境外输入4例  治愈出院5例,
1651714130-450,https://wsjkw.sh.gov.cn/yqtb/index.html,上海2021年3月25日，无新增本地新冠肺炎确诊病例 新增境外输入7例 治愈出院4例,
1651714130-634,https://wsjkw.sh.gov.cn/yqtb/index.html,上海9月22日无新增本地新冠肺炎确诊病例 无新增境外输入性新冠肺炎确诊病例,
1651714130-248,https://wsjkw.sh.gov.cn/yqtb/index.html,上海2021年10月13日，无新增本地新冠肺炎确诊病例 新增境外输入1例  治愈出院1例,
1651714130-416,https://wsjkw.sh.gov.cn/yqtb/index.html,上海2021年4月29日，无新增本地新冠肺炎确诊病例 新增境外输入7例 治愈出院3例,
1651714130-697,https://wsjkw.sh.gov.cn/yqtb/index.html,上海7月25日无新增本地新冠肺炎确诊病例 无新增境外输入性新冠肺炎确诊病例 治愈出院4例,
1651714130-166,https://wsjkw.sh.gov.cn/yqtb/index.html,上海2022年1月7日，无新增本土新冠肺炎确诊病例 新增本土无症状感染者5例 新增境外输入新冠肺炎确诊病例32例 新增境外输入无症状感染者3例 治愈出院14例,
1651714130-492,https://wsjkw.sh.gov.cn/yqtb/index.html,上海2021年2月8日，无新增本地新冠肺炎确诊病例 新增境外输入2例   治愈出院8例,
1651714130-758,https://wsjkw.sh.gov.cn/yqtb/index.html,上海昨日无新增本地新冠肺炎确诊病例，无新增境外输入性新冠肺炎确诊病例，治愈出院1例,
1651714130-99,https://wsjkw.sh.gov.cn/yqtb/index.html,上海2022年3月13日，新增本土新冠肺炎确诊病例41例 新增本土无症状感染者128例 新增境外输入性新冠肺炎确诊病例16例 新增境外输入性无症状感染者2例 治愈出院33例  解除医学观察无症状感染者5例,
1651714130-772,https://wsjkw.sh.gov.cn/yqtb/index.html,上海5月28日无新增本地新冠肺炎确诊病例 无新增境外输入性新冠肺炎确诊病例,
1651714130-952,https://wsjkw.sh.gov.cn/yqtb/index.html,上海公布2月16日（0-24时） 确诊病例涉及区域和场所情况,
1651714130-703,https://wsjkw.sh.gov.cn/yqtb/index.html,上海7月20日无新增本地新冠肺炎确诊病例 新增境外输入2例  治愈出院2例,
1651714130-106,https://wsjkw.sh.gov.cn/yqtb/index.html,上海2022年3月7日，新增本土新冠肺炎确诊病例4例 新增本土无症状感染者51例 新增境外输入性新冠肺炎确诊病例36例 新增境外输入性无症状感染者10例 治愈出院27例  解除医学观察无症状感染者10例,
1651714130-131,https://wsjkw.sh.gov.cn/yqtb/index.html,上海2022年2月10日，无新增本土新冠肺炎确诊病例 新增境外输入12例  治愈出院29例 解除医学观察无症状感染者1例,
1651714130-80,https://wsjkw.sh.gov.cn/yqtb/index.html,上海2022年3月25日，新增本土新冠肺炎确诊病例38例 新增本土无症状感染者2231例 新增境外输入性新冠肺炎确诊病例9例 新增境外输入性无症状感染者2例 治愈出院21例  解除医学观察无症状感染者110例,
1651714130-957,https://wsjkw.sh.gov.cn/yqtb/index.html,岳阳医院发现一隐瞒病情的确诊病例？市卫健委通报了！,
1651714130-558,https://wsjkw.sh.gov.cn/yqtb/index.html,上海12月6日无新增本地新冠肺炎确诊病例 新增境外输入7例  治愈出院3例,
1651714130-706,https://wsjkw.sh.gov.cn/yqtb/index.html,上海7月18日无新增本地新冠肺炎确诊病例 无新增境外输入性新冠肺炎确诊病例 治愈出院2例,
1651714130-270,https://wsjkw.sh.gov.cn/yqtb/index.html,上海2021年9月18日，无新增本地新冠肺炎确诊病例 新增境外输入2例  治愈出院6例,
1651714130-845,https://wsjkw.sh.gov.cn/yqtb/index.html,【快讯】上海今天又有4例确诊病例痊愈出院，累计治愈出院516人,
1651714130-190,https://wsjkw.sh.gov.cn/yqtb/index.html,上海2021年12月15日，无新增本土新冠肺炎确诊病例 新增境外输入2例  治愈出院2例,
1651714130-651,https://wsjkw.sh.gov.cn/yqtb/index.html,上海9月5日无新增本地新冠肺炎确诊病例 新增境外输入2例  治愈出院6例,
1651714130-436,https://wsjkw.sh.gov.cn/yqtb/index.html,上海2021年4月9日，无新增本地新冠肺炎确诊病例 新增境外输入4例,
1651714130-658,https://wsjkw.sh.gov.cn/yqtb/index.html,上海8月29日无新增本地新冠肺炎确诊病例 新增境外输入3例  治愈出院3例,
1651714130-94,https://wsjkw.sh.gov.cn/yqtb/index.html,上海2022年3月17日，新增本土新冠肺炎确诊病例57例 新增本土无症状感染者203例 新增境外输入性新冠肺炎确诊病例10例 新增境外输入性无症状感染者2例 治愈出院54例  解除医学观察无症状感染者38例,
1651714130-47,https://wsjkw.sh.gov.cn/yqtb/index.html,4月10日（0-24时）本市各区确诊病例、无症状感染者居住地信息,
1651714130-710,https://wsjkw.sh.gov.cn/yqtb/index.html,上海7月15日无新增本地新冠肺炎确诊病例 新增境外输入1例  治愈出院1例,
1651714130-920,https://wsjkw.sh.gov.cn/yqtb/index.html,一名4岁患儿出院！上海今天又有7例确诊病例痊愈出院，累计313人,
1651714130-699,https://wsjkw.sh.gov.cn/yqtb/index.html,上海7月23日无新增本地新冠肺炎确诊病例 新增境外输入1例  治愈出院1例,
1651714130-666,https://wsjkw.sh.gov.cn/yqtb/index.html,上海8月21日无新增本地新冠肺炎确诊病例 新增境外输入13例  治愈出院6例,
1651714130-734,https://wsjkw.sh.gov.cn/yqtb/index.html,上海6月26日无新增本地新冠肺炎确诊病例 新增境外输入1例  治愈出院2例,
1651714130-979,https://wsjkw.sh.gov.cn/yqtb/index.html,上海新增6例新型冠状病毒感染的肺炎确诊病例,
1651714130-284,https://wsjkw.sh.gov.cn/yqtb/index.html,上海2021年9月3日，无新增本地新冠肺炎确诊病例 新增境外输入8例  治愈出院2例,
1651714130-306,https://wsjkw.sh.gov.cn/yqtb/index.html,上海2021年8月17日，无新增本地新冠肺炎确诊病例 新增境外输入5例  治愈出院4例,
1651714130-822,https://wsjkw.sh.gov.cn/yqtb/index.html,上海有2例确诊病例今日出院，共计599例治愈出院,
1651714130-933,https://wsjkw.sh.gov.cn/yqtb/index.html,上海有4例确诊病例2月27日出院,
1651714130-10,https://wsjkw.sh.gov.cn/yqtb/index.html,上海2022年4月29日，新增本土新冠肺炎确诊病例1249例 新增本土无症状感染者8932例 新增境外输入性新冠肺炎确诊病例1例 无新增境外输入性无症状感染者,
1651714130-401,https://wsjkw.sh.gov.cn/yqtb/index.html,上海2021年5月14日，无新增本地新冠肺炎确诊病例 新增境外输入3例 治愈出院3例,
1651714130-883,https://wsjkw.sh.gov.cn/yqtb/index.html,上海3月28日无新增本地新冠肺炎确诊病例 新增境外输入7例,
1651714130-574,https://wsjkw.sh.gov.cn/yqtb/index.html,上海新增2例本地新冠肺炎确诊病例，正全面开展流行病学调查,
1651714130-231,https://wsjkw.sh.gov.cn/yqtb/index.html,上海2021年10月29日，无新增本地新冠肺炎确诊病例 新增境外输入5例  治愈出院4例,
1651714130-261,https://wsjkw.sh.gov.cn/yqtb/index.html,上海2021年9月29日，无新增本地新冠肺炎确诊病例 新增境外输入3例  治愈出院3例,
1651714130-348,https://wsjkw.sh.gov.cn/yqtb/index.html,上海2021年7月7日，无新增本地新冠肺炎确诊病例 新增境外输入8例 治愈出院2例,
1651714130-49,https://wsjkw.sh.gov.cn/yqtb/index.html,4月9日（0-24时）本市各区确诊病例、无症状感染者居住地信息,
1651714130-856,https://wsjkw.sh.gov.cn/yqtb/index.html,上海4月12日无新增本地新冠肺炎确诊病例 新增境外输入11例 治愈出院8例,
1651714130-626,https://wsjkw.sh.gov.cn/yqtb/index.html,上海9月30日无新增本地新冠肺炎确诊病例 新增境外输入7例  治愈出院5例,
1651714130-786,https://wsjkw.sh.gov.cn/yqtb/index.html,上海5月20日新增1例湖北来沪新冠肺炎确诊病例 无新增境外输入性新冠肺炎确诊病例 新增治愈出院3例,
1651714130-372,https://wsjkw.sh.gov.cn/yqtb/index.html,上海2021年6月12日，无新增本地新冠肺炎确诊病例 新增境外输入6例  治愈出院10例,
1651714130-925,https://wsjkw.sh.gov.cn/yqtb/index.html,上海有4例确诊病例3月4日出院,
1651714130-343,https://wsjkw.sh.gov.cn/yqtb/index.html,上海2021年7月12日，无新增本地新冠肺炎确诊病例 新增境外输入5例 治愈出院4例,
1651714130-921,https://wsjkw.sh.gov.cn/yqtb/index.html,今天0-12时，上海新增3例境外输入型新型冠状病毒肺炎确诊病例,
1651714130-928,https://wsjkw.sh.gov.cn/yqtb/index.html,上海新增1例新型冠状病毒肺炎确诊病例,
1651714130-31,https://wsjkw.sh.gov.cn/yqtb/index.html,4月18日（0-24时）本市各区确诊病例、无症状感染者居住地信息,
1651714130-153,https://wsjkw.sh.gov.cn/yqtb/index.html,上海2022年1月20日，无新增本土新冠肺炎确诊病例 新增境外输入28例  治愈出院47例,
1651714130-751,https://wsjkw.sh.gov.cn/yqtb/index.html,上海6月11日无新增本地新冠肺炎确诊病例 新增境外输入5例  治愈出院1例,
1651714130-373,https://wsjkw.sh.gov.cn/yqtb/index.html,上海2021年6月11日，无新增本地新冠肺炎确诊病例 新增境外输入8例  治愈出院4例,
1651714130-493,https://wsjkw.sh.gov.cn/yqtb/index.html,上海2021年2月7日，无新增本地新冠肺炎确诊病例 新增境外输入7例  治愈出院10例,
1651714130-441,https://wsjkw.sh.gov.cn/yqtb/index.html,上海2021年4月3日，无新增本地新冠肺炎确诊病例 新增境外输入6例 治愈出院1例,
1651714130-318,https://wsjkw.sh.gov.cn/yqtb/index.html,上海2021年8月5日，无新增本地新冠肺炎确诊病例 新增境外输入8例   治愈出院4例,
1651714130-498,https://wsjkw.sh.gov.cn/yqtb/index.html,上海2021年2月2日，无新增本地新冠肺炎确诊病例 新增境外输入4例  治愈出院4例,
1651714130-980,https://wsjkw.sh.gov.cn/yqtb/index.html,上海新增5例新型冠状病毒感染的肺炎确诊病例,
1651714130-930,https://wsjkw.sh.gov.cn/yqtb/index.html,上海有3例确诊病例3月1日出院,
1651714130-56,https://wsjkw.sh.gov.cn/yqtb/index.html,上海2022年4月6日，新增本土新冠肺炎确诊病例322例 新增本土无症状感染者19660例 新增境外输入性新冠肺炎确诊病例7例 新增境外输入性无症状感染者1例 治愈出院47例,
1651714130-800,https://wsjkw.sh.gov.cn/yqtb/index.html,上海有5例确诊病例今日出院，共计638例治愈出院,
1651714130-999,https://wsjkw.sh.gov.cn/yqtb/index.html,快讯！上海今天又有1例确诊病例痊愈出院，目前共有5例出院,
1651714130-741,https://wsjkw.sh.gov.cn/yqtb/index.html,上海6月21日无新增本地新冠肺炎确诊病例 新增境外输入3例,
1651714130-90,https://wsjkw.sh.gov.cn/yqtb/index.html,上海2022年3月20日，新增本土新冠肺炎确诊病例24例 新增本土无症状感染者734例 新增境外输入性新冠肺炎确诊病例17例 新增境外输入性无症状感染者2例 治愈出院44例  解除医学观察无症状感染者53例,
1651714130-274,https://wsjkw.sh.gov.cn/yqtb/index.html,上海2021年9月13日，无新增本地新冠肺炎确诊病例 新增境外输入6例 治愈出院7例,
1651714130-578,https://wsjkw.sh.gov.cn/yqtb/index.html,上海11月17日无新增本地新冠肺炎确诊病例 新增境外输入4例  治愈出院9例,
1651714130-281,https://wsjkw.sh.gov.cn/yqtb/index.html,上海2021年9月6日，无新增本地新冠肺炎确诊病例 新增境外输入4例  治愈出院9例,
1651714130-362,https://wsjkw.sh.gov.cn/yqtb/index.html,上海2021年6月22日，无新增本地新冠肺炎确诊病例 新增境外输入6例 治愈出院2例,
1651714130-568,https://wsjkw.sh.gov.cn/yqtb/index.html,上海11月26日无新增本地新冠肺炎确诊病例 新增境外输入3例,
1651714130-871,https://wsjkw.sh.gov.cn/yqtb/index.html,上海4月4日无新增本地新冠肺炎确诊病例   新增境外输入2例   治愈出院8例,
1651714130-240,https://wsjkw.sh.gov.cn/yqtb/index.html,上海2021年10月20日，无新增本地新冠肺炎确诊病例 新增境外输入6例  治愈出院3例,
1651714130-663,https://wsjkw.sh.gov.cn/yqtb/index.html,上海8月24日无新增本地新冠肺炎确诊病例 新增境外输入2例  治愈出院3例,
1651714130-950,https://wsjkw.sh.gov.cn/yqtb/index.html,上海公布2月17日（0-24时） 确诊病例涉及区域和场所情况,
1651714130-803,https://wsjkw.sh.gov.cn/yqtb/index.html,上海5月12日无新增本地新冠肺炎确诊病例 新增境外输入1例 治愈出院4例,
1651714130-437,https://wsjkw.sh.gov.cn/yqtb/index.html,上海2021年4月8日，无新增本地新冠肺炎确诊病例 新增境外输入3例 治愈出院1例,
1651714130-750,https://wsjkw.sh.gov.cn/yqtb/index.html,上海有1例确诊病例今日出院，共计667例治愈出院,
1651714130-302,https://wsjkw.sh.gov.cn/yqtb/index.html,沪新增2例本土确诊病例，8469名相关人员核酸检测结果均为阴性,
1651714130-865,https://wsjkw.sh.gov.cn/yqtb/index.html,上海有11例确诊病例今日出院，共计417例治愈出院,
1651714130-576,https://wsjkw.sh.gov.cn/yqtb/index.html,上海11月19日无新增本地新冠肺炎确诊病例 新增境外输入4例  治愈出院8例,
1651714130-163,https://wsjkw.sh.gov.cn/yqtb/index.html,上海2022年1月10日，无新增本土新冠肺炎确诊病例 新增境外输入27例  治愈出院4例,
1651714130-356,https://wsjkw.sh.gov.cn/yqtb/index.html,"上海2021年6月29日,无新增本地新冠肺炎确诊病例 无新增境外输入病例",
1651714130-445,https://wsjkw.sh.gov.cn/yqtb/index.html,上海2021年3月30日，无新增本地新冠肺炎确诊病例 无新增境外输入病例 治愈出院1例,
1651714130-522,https://wsjkw.sh.gov.cn/yqtb/index.html,"上海2021年1月11日,无新增本地新冠肺炎确诊病例 新增境外输入4例  治愈出院14例",
1651714130-388,https://wsjkw.sh.gov.cn/yqtb/index.html,上海2021年5月27日，无新增本地新冠肺炎确诊病例 新增境外输入2例 治愈出院6例,
1651714130-603,https://wsjkw.sh.gov.cn/yqtb/index.html,上海10月23日无新增本地新冠肺炎确诊病例 新增境外输入9例  治愈出院3例,
1651714130-525,https://wsjkw.sh.gov.cn/yqtb/index.html,上海2021年1月8日，无新增本地新冠肺炎确诊病例 新增境外输入7例  治愈出院4例,
1651714130-607,https://wsjkw.sh.gov.cn/yqtb/index.html,上海10月19日无新增本地新冠肺炎确诊病例 新增境外输入5例  治愈出院2例,
1651714130-119,https://wsjkw.sh.gov.cn/yqtb/index.html,上海2022年2月22日，无新增本土新冠肺炎确诊病例 新增境外输入性新冠肺炎确诊病例49例 新增境外输入性无症状感染者8例 治愈出院10例,
1651714130-439,https://wsjkw.sh.gov.cn/yqtb/index.html,上海2021年4月5日，无新增本地新冠肺炎确诊病例 新增境外输入2例 治愈出院8例,
1651714130-895,https://wsjkw.sh.gov.cn/yqtb/index.html,上海有1例确诊病例今日出院，共计328例治愈出院,
1651714130-700,https://wsjkw.sh.gov.cn/yqtb/index.html,上海7月22日无新增本地新冠肺炎确诊病例 新增境外输入1例  治愈出院2例,
1651714130-837,https://wsjkw.sh.gov.cn/yqtb/index.html,上海4月22日无新增本地新冠肺炎确诊病例 新增境外输入1例 治愈出院2例,
1651714130-38,https://wsjkw.sh.gov.cn/yqtb/index.html,上海2022年4月15日，新增本土新冠肺炎确诊病例3590例 新增本土无症状感染者19923例 新增境外输入性新冠肺炎确诊病例4例 新增境外输入性无症状感染者2例,
1651714130-129,https://wsjkw.sh.gov.cn/yqtb/index.html,上海2022年2月12日，无新增本土新冠肺炎确诊病例 新增境外输入9例  治愈出院11例 解除医学观察无症状感染者1例,
1651714130-152,https://wsjkw.sh.gov.cn/yqtb/index.html,上海2022年1月21日，无新增本土新冠肺炎确诊病例 新增境外输入22例  治愈出院29例,
1651714130-402,https://wsjkw.sh.gov.cn/yqtb/index.html,上海2021年5月13日，无新增本地新冠肺炎确诊病例 新增境外输入1例 治愈出院4例,
1651714130-196,https://wsjkw.sh.gov.cn/yqtb/index.html,上海2021年12月9日，无新增本土新冠肺炎确诊病例 新增境外输入1例  治愈出院5例,
1651714130-185,https://wsjkw.sh.gov.cn/yqtb/index.html,上海2021年12月20日，无新增本土新冠肺炎确诊病例 新增境外输入5例  治愈出院3例,
1651714130-793,https://wsjkw.sh.gov.cn/yqtb/index.html,上海公布5月17日（0-24时）外地输入性病例涉及区域和场所情况,
1651714130-591,https://wsjkw.sh.gov.cn/yqtb/index.html,上海11月4日无新增本地新冠肺炎确诊病例 新增境外输入8例  治愈出院10例,
1651714130-775,https://wsjkw.sh.gov.cn/yqtb/index.html,上海5月26日无新增本地新冠肺炎确诊病例 新增境外输入1例  治愈出院1例,
1651714130-297,https://wsjkw.sh.gov.cn/yqtb/index.html,上海2021年8月23日，无新增本地新冠肺炎确诊病例 新增境外输入9例  治愈出院7例,
1651714130-279,https://wsjkw.sh.gov.cn/yqtb/index.html,上海2021年9月8日，无新增本地新冠肺炎确诊病例 新增境外输入2例  治愈出院4例,
1651714130-585,https://wsjkw.sh.gov.cn/yqtb/index.html,上海11月10日无新增本地新冠肺炎确诊病例 新增境外输入5例  治愈出院3例,
1651714130-81,https://wsjkw.sh.gov.cn/yqtb/index.html,3月24日（0-24时）本市各区确诊病例、无症状感染者居住地信息,
1651714130-760,https://wsjkw.sh.gov.cn/yqtb/index.html,关于《上海市医疗卫生人员权益保障办法（草案）》征询公众意见的公告（已结束）,
1651714130-155,https://wsjkw.sh.gov.cn/yqtb/index.html,"上海2022年1月18日,无新增本土新冠肺炎确诊病例 新增境外输入15例  治愈出院13例",
1651714130-41,https://wsjkw.sh.gov.cn/yqtb/index.html,4月13日（0-24时）本市各区确诊病例、无症状感染者居住地信息,
1651714130-331,https://wsjkw.sh.gov.cn/yqtb/index.html,上海2021年7月24日，无新增本地新冠肺炎确诊病例 新增境外输入4例  治愈出院1例,
1651714130-433,https://wsjkw.sh.gov.cn/yqtb/index.html,上海2021年4月12日，无新增本地新冠肺炎确诊病例 新增境外输入1例,
1651714130-365,https://wsjkw.sh.gov.cn/yqtb/index.html,上海2021年6月19日，无新增本地新冠肺炎确诊病例 新增境外输入3例 治愈出院1例,
1651714130-412,https://wsjkw.sh.gov.cn/yqtb/index.html,上海2021年5月3日，无新增本地新冠肺炎确诊病例 新增境外输入3例 治愈出院5例,
1651714130-685,https://wsjkw.sh.gov.cn/yqtb/index.html,上海8月4日无新增本地新冠肺炎确诊病例 新增境外输入2例,
1651714130-868,https://wsjkw.sh.gov.cn/yqtb/index.html,上海4月6日无新增本地新冠肺炎确诊病例 新增境外输入2例  治愈出院6例,
1651714130-931,https://wsjkw.sh.gov.cn/yqtb/index.html,上海有8例确诊病例2月29日出院,
1651714130-444,https://wsjkw.sh.gov.cn/yqtb/index.html,上海2021年3月31日，无新增本地新冠肺炎确诊病例 新增境外输入3例 治愈出院1例,
1651714130-283,https://wsjkw.sh.gov.cn/yqtb/index.html,上海2021年9月4日，无新增本地新冠肺炎确诊病例 新增境外输入9例  治愈出院9例,
1651714130-161,https://wsjkw.sh.gov.cn/yqtb/index.html,上海2022年1月12日，无新增本土新冠肺炎确诊病例 新增境外输入31例  治愈出院18例,
1651714130-469,https://wsjkw.sh.gov.cn/yqtb/index.html,上海2021年3月5日，无新增本地新冠肺炎确诊病例 新增境外输入1例  治愈出院4例,
1651714130-65,https://wsjkw.sh.gov.cn/yqtb/index.html,4月1日（0-24时）本市各区确诊病例、无症状感染者居住地信息,
1651714130-92,https://wsjkw.sh.gov.cn/yqtb/index.html,上海2022年3月19日，新增本土新冠肺炎确诊病例17例 新增本土无症状感染者492例 新增境外输入性新冠肺炎确诊病例5例 新增境外输入性无症状感染者2例 治愈出院121例  解除医学观察无症状感染者68例,
1651714130-428,https://wsjkw.sh.gov.cn/yqtb/index.html,上海2021年4月17日，无新增本地新冠肺炎确诊病例 新增境外输入2例 治愈出院4例,
1651714130-927,https://wsjkw.sh.gov.cn/yqtb/index.html,上海公布3月2日（0-24时）确诊病例涉及区域和场所情况,
1651714130-794,https://wsjkw.sh.gov.cn/yqtb/index.html,上海5月17日新增1例湖北来沪新冠肺炎确诊病例 无新增境外输入性新冠肺炎确诊病例,
1651714130-123,https://wsjkw.sh.gov.cn/yqtb/index.html,上海2022年2月18日，无新增本土新冠肺炎确诊病例 新增境外输入性新冠肺炎确诊病例18例 新增境外输入性无症状感染者3例 治愈出院11例,
1651714130-828,https://wsjkw.sh.gov.cn/yqtb/index.html,上海4月27日无新增本地新冠肺炎确诊病例 新增境外输入2例 治愈出院13例,
1651714130-965,https://wsjkw.sh.gov.cn/yqtb/index.html,上海有5例确诊病例2月13日出院,
1651714130-869,https://wsjkw.sh.gov.cn/yqtb/index.html,上海昨日无新增本地新冠肺炎确诊病例  新增境外输入5例 治愈出院27例,
1651714130-134,https://wsjkw.sh.gov.cn/yqtb/index.html,上海2022年2月7日，无新增本土新冠肺炎确诊病例 新增境外输入15例  治愈出院14例 解除医学观察无症状感染者1例,
1651714130-870,https://wsjkw.sh.gov.cn/yqtb/index.html,上海有27例确诊病例今日出院，共计383例治愈出院,
1651714130-202,https://wsjkw.sh.gov.cn/yqtb/index.html,上海2021年11月29日，无新增本土新冠肺炎确诊病例 无新增境外输入病例  治愈出院8例,
1651714130-368,https://wsjkw.sh.gov.cn/yqtb/index.html,上海2021年6月16日，无新增本地新冠肺炎确诊病例 新增境外输入2例 治愈出院7例,
1651714130-708,https://wsjkw.sh.gov.cn/yqtb/index.html,上海有5例确诊病例今日出院，共计699例治愈出院,
1651714130-214,https://wsjkw.sh.gov.cn/yqtb/index.html,上海2021年11月17日，无新增本地新冠肺炎确诊病例 新增境外输入6例  治愈出院4例,
1651714130-59,https://wsjkw.sh.gov.cn/yqtb/index.html,4月4日（0-24时）本市各区确诊病例、无症状感染者居住地信息,
1651714130-157,https://wsjkw.sh.gov.cn/yqtb/index.html,上海2022年1月16日，无新增本土新冠肺炎确诊病例 新增境外输入35例  治愈出院10例 解除医学观察无症状感染者3例,
1651714130-251,https://wsjkw.sh.gov.cn/yqtb/index.html,上海2021年10月10日，无新增本地新冠肺炎确诊病例 新增境外输入3例  治愈出院3例,
1651714130-232,https://wsjkw.sh.gov.cn/yqtb/index.html,上海2021年10月28日，无新增本地新冠肺炎确诊病例 新增境外输入3例  治愈出院2例,
1651714130-747,https://wsjkw.sh.gov.cn/yqtb/index.html,上海6月16日无新增本地新冠肺炎确诊病例 无新增境外输入性新冠肺炎确诊病例,
1651714130-100,https://wsjkw.sh.gov.cn/yqtb/index.html,上海新增6例本土确诊病例和55例本土无症状感染者，两地列为中风险地区,
1651714130-182,https://wsjkw.sh.gov.cn/yqtb/index.html,上海2021年12月23日，无新增本土新冠肺炎确诊病例 新增境外输入8例  治愈出院2例 解除医学观察无症状感染者1例,
1651714130-551,https://wsjkw.sh.gov.cn/yqtb/index.html,上海12月13日无新增本地新冠肺炎确诊病例 新增境外输入7例  治愈出院4例,
1651714130-797,https://wsjkw.sh.gov.cn/yqtb/index.html,上海5月15日无新增本地新冠肺炎确诊病例 新增境外输入5例 治愈出院2例,
1651714130-102,https://wsjkw.sh.gov.cn/yqtb/index.html,上海2022年3月11日，新增本土新冠肺炎确诊病例5例 新增本土无症状感染者78例 新增境外输入性新冠肺炎确诊病例22例 新增境外输入性无症状感染者9例 治愈出院20例  解除医学观察无症状感染者3例,
1651714130-303,https://wsjkw.sh.gov.cn/yqtb/index.html,权威发布！本市公布8月18日确诊本土病例溯源情况,
1651714130-647,https://wsjkw.sh.gov.cn/yqtb/index.html,上海9月9日无新增本地新冠肺炎确诊病例 新增境外输入6例  治愈出院2例,
1651714130-277,https://wsjkw.sh.gov.cn/yqtb/index.html,上海2021年9月10日，无新增本地新冠肺炎确诊病例 新增境外输入2例   治愈出院4例,
1651714130-570,https://wsjkw.sh.gov.cn/yqtb/index.html,上海11月24日无新增本地新冠肺炎确诊病例 新增境外输入2例  治愈出院7例,
1651714130-95,https://wsjkw.sh.gov.cn/yqtb/index.html,上海2022年3月16日，新增本土新冠肺炎确诊病例8例 新增本土无症状感染者150例 新增境外输入性新冠肺炎确诊病例15例 新增境外输入性无症状感染者6例 治愈出院33例  解除医学观察无症状感染者19例,
1651714130-549,https://wsjkw.sh.gov.cn/yqtb/index.html,上海12月15日无新增本地新冠肺炎确诊病例 新增境外输入3例  治愈出院4例,
1651714130-253,https://wsjkw.sh.gov.cn/yqtb/index.html,上海2021年10月8日，无新增本地新冠肺炎确诊病例 新增境外输入2例  治愈出院2例,
1651714130-749,https://wsjkw.sh.gov.cn/yqtb/index.html,上海6月14日无新增本地新冠肺炎确诊病例 新增境外输入1例  治愈出院1例,
1651714130-765,https://wsjkw.sh.gov.cn/yqtb/index.html,上海有1例确诊病例今日出院，共计661例治愈出院,
1651714130-669,https://wsjkw.sh.gov.cn/yqtb/index.html,上海8月18日0-24时，无新增本地新冠肺炎确诊病例 新增境外输入8例  治愈出院2例,
1651714130-755,https://wsjkw.sh.gov.cn/yqtb/index.html,上海有1例确诊病例今日出院，共计665例治愈出院,
1651714130-407,https://wsjkw.sh.gov.cn/yqtb/index.html,上海2021年5月8日，无新增本地新冠肺炎确诊病例 新增境外输入6例 治愈出院4例,
1651714130-829,https://wsjkw.sh.gov.cn/yqtb/index.html,上海今天又有13例确诊病例痊愈出院，累计治愈出院581人,
1651714130-33,https://wsjkw.sh.gov.cn/yqtb/index.html,4月17日（0-24时）本市各区确诊病例、无症状感染者居住地信息,
1651714130-36,https://wsjkw.sh.gov.cn/yqtb/index.html,上海2022年4月16日，新增本土新冠肺炎确诊病例3238例 新增本土无症状感染者21582例 新增境外输入性新冠肺炎确诊病例2例 无新增境外输入性无症状感染者,
1651714130-502,https://wsjkw.sh.gov.cn/yqtb/index.html,上海2021年1月29日，新增本地新冠肺炎确诊病例2例 新增境外输入9例  治愈出院4例,
1651714130-975,https://wsjkw.sh.gov.cn/yqtb/index.html,上海新增4例新型冠状病毒感染的肺炎确诊病例,
1651714130-398,https://wsjkw.sh.gov.cn/yqtb/index.html,上海2021年5月17日，无新增本地新冠肺炎确诊病例 新增境外输入4例 治愈出院5例,
1651714130-454,https://wsjkw.sh.gov.cn/yqtb/index.html,上海2021年3月20日，无新增本地新冠肺炎确诊病例 新增境外输入4例 治愈出院4例,
1651714130-447,https://wsjkw.sh.gov.cn/yqtb/index.html,上海2021年3月28日，无新增本地新冠肺炎确诊病例 新增境外输1例 治愈出院6例,
1651714130-159,https://wsjkw.sh.gov.cn/yqtb/index.html,上海2022年1月14日，无新增本土新冠肺炎确诊病例 新增境外输入43例  治愈出院8例,
1651714130-364,https://wsjkw.sh.gov.cn/yqtb/index.html,上海2021年6月20日，无新增本地新冠肺炎确诊病例 新增境外输入1例,
1651714130-754,https://wsjkw.sh.gov.cn/yqtb/index.html,上海6月9日无新增本地新冠肺炎确诊病例 无新增境外输入性新冠肺炎确诊病例 治愈出院1例,
1651714130-509,https://wsjkw.sh.gov.cn/yqtb/index.html,上海2021年1月22日，新增本地新冠肺炎确诊病例3例 新增境外输入8例  治愈出院1例,
1651714130-430,https://wsjkw.sh.gov.cn/yqtb/index.html,上海2021年4月15日，无新增本地新冠肺炎确诊病例 新增境外输入3例 治愈出院2例,
1651714130-733,https://wsjkw.sh.gov.cn/yqtb/index.html,上海6月27日无新增本地新冠肺炎确诊病例 新增境外输入1例  治愈出院1例,
1651714130-731,https://wsjkw.sh.gov.cn/yqtb/index.html,上海6月29日 新增境外输入新冠肺炎确诊病例3例及关联病例1例,
1651714130-990,https://wsjkw.sh.gov.cn/yqtb/index.html,快讯！上海今天又有3例确诊病例痊愈出院，目前共有15例出院,
1651714130-511,https://wsjkw.sh.gov.cn/yqtb/index.html,上海2021年1月21日新增本地新冠肺炎确诊病例6例，新增境外输入3例，治愈出院4例,
1651714130-191,https://wsjkw.sh.gov.cn/yqtb/index.html,上海2021年12月14日，无新增本土新冠肺炎确诊病例 新增境外输入3例  治愈出院2例,
1651714130-748,https://wsjkw.sh.gov.cn/yqtb/index.html,上海6月15日无新增本地新冠肺炎确诊病例 新增境外输入3例,
1651714130-197,https://wsjkw.sh.gov.cn/yqtb/index.html,上海2021年12月8日，无新增本土新冠肺炎确诊病例 新增境外输入2例  治愈出院5例,
1651714130-863,https://wsjkw.sh.gov.cn/yqtb/index.html,上海有5例确诊病例今日出院，共计422例治愈出院,
1651714130-613,https://wsjkw.sh.gov.cn/yqtb/index.html,上海10月13日无新增本地新冠肺炎确诊病例 新增境外输入5例  治愈出院3例,
1651714130-422,https://wsjkw.sh.gov.cn/yqtb/index.html,上海2021年4月23日，无新增本地新冠肺炎确诊病例 新增境外输入3例 治愈出院3例,
1651714130-34,https://wsjkw.sh.gov.cn/yqtb/index.html,上海2022年4月17日，新增本土新冠肺炎确诊病例2417例 新增本土无症状感染者19831例 新增境外输入性新冠肺炎确诊病例3例 无新增境外输入性无症状感染者,
1651714130-132,https://wsjkw.sh.gov.cn/yqtb/index.html,上海2022年2月9日，无新增本土新冠肺炎确诊病例 新增境外输入8例  治愈出院21例 解除医学观察无症状感染者2例,
1651714130-679,https://wsjkw.sh.gov.cn/yqtb/index.html,上海8月10日无新增本地新冠肺炎确诊病例 新增境外输入8例  治愈出院3例,
1651714130-355,https://wsjkw.sh.gov.cn/yqtb/index.html,上海2021年6月30日，无新增本地新冠肺炎确诊病例 新增境外输入2例 治愈出院8例,
1651714130-299,https://wsjkw.sh.gov.cn/yqtb/index.html,上海2021年8月21日，新增本地新冠肺炎确诊病例3例 新增境外输入9例  治愈出院1例,
1651714130-162,https://wsjkw.sh.gov.cn/yqtb/index.html,上海2022年1月11日，无新增本土新冠肺炎确诊病例 新增境外输入性新冠肺炎确诊病例20例 新增境外输入性无症状感染者1例 治愈出院12例,
1651714130-532,https://wsjkw.sh.gov.cn/yqtb/index.html,上海2021年1月1日，无新增本地新冠肺炎确诊病例 新增境外输入4例  治愈出院8例,
1651714130-595,https://wsjkw.sh.gov.cn/yqtb/index.html,上海10月31日无新增本地新冠肺炎确诊病例 新增境外输入5例  治愈出院7例,
1651714130-369,https://wsjkw.sh.gov.cn/yqtb/index.html,上海2021年6月15日，无新增本地新冠肺炎确诊病例 新增境外输入3例 治愈出院3例,
1651714130-996,https://wsjkw.sh.gov.cn/yqtb/index.html,上海新增18例新型冠状病毒感染的肺炎确诊病例,
1651714130-795,https://wsjkw.sh.gov.cn/yqtb/index.html,上海5月16日无新增本地新冠肺炎确诊病例 无新增境外输入性新冠肺炎确诊病例 新增治愈出院1例,
1651714130-616,https://wsjkw.sh.gov.cn/yqtb/index.html,上海10月10日无新增本地新冠肺炎确诊病例 新增境外输入10例  治愈出院4例,
1651714130-816,https://wsjkw.sh.gov.cn/yqtb/index.html,上海5月3日无新增本地新冠肺炎确诊病例 新增境外输入2例  治愈出院2例,
1651714130-716,https://wsjkw.sh.gov.cn/yqtb/index.html,上海7月10日无新增本地新冠肺炎确诊病例 无新增境外输入性新冠肺炎确诊病例,
1651714130-495,https://wsjkw.sh.gov.cn/yqtb/index.html,上海2021年2月5日，无新增本地新冠肺炎确诊病例 新增境外输入5例  治愈出院2例,
1651714130-633,https://wsjkw.sh.gov.cn/yqtb/index.html,上海9月23日无新增本地新冠肺炎确诊病例 新增境外输入2例 治愈出院3例,
1651714130-594,https://wsjkw.sh.gov.cn/yqtb/index.html,上海11月1日无新增本地新冠肺炎确诊病例 新增境外输入6例  治愈出院11例,
1651714130-46,https://wsjkw.sh.gov.cn/yqtb/index.html,上海2022年4月11日，新增本土新冠肺炎确诊病例994例 新增本土无症状感染者22348例 新增境外输入性新冠肺炎确诊病例4例 新增境外输入性无症状感染者1例 治愈出院391例,
1651714130-346,https://wsjkw.sh.gov.cn/yqtb/index.html,上海2021年7月9日，无新增本地新冠肺炎确诊病例 新增境外输入6例 治愈出院2例,
1651714130-117,https://wsjkw.sh.gov.cn/yqtb/index.html,上海2022年2月24日，无新增本土新冠肺炎确诊病例 新增本土无症状感染者1例 新增境外输入性新冠肺炎确诊病例59例 新增境外输入性无症状感染者22例 治愈出院8例,
1651714130-477,https://wsjkw.sh.gov.cn/yqtb/index.html,上海2021年2月25日，无新增本地新冠肺炎确诊病例 新增境外输入4例  治愈出院10例,
1651714130-598,https://wsjkw.sh.gov.cn/yqtb/index.html,上海10月28日无新增本地新冠肺炎确诊病例 新增境外输入6例  治愈出院1例,
1651714130-978,https://wsjkw.sh.gov.cn/yqtb/index.html,好消息！上海又有3例确诊病例今早痊愈出院，目前共44例出院,
1651714130-698,https://wsjkw.sh.gov.cn/yqtb/index.html,上海7月24日无新增本地新冠肺炎确诊病例 新增境外输入2例,
1651714130-310,https://wsjkw.sh.gov.cn/yqtb/index.html,上海2021年8月13日，无新增本地新冠肺炎确诊病例 新增境外输入5例   治愈出院6例,
1651714130-744,https://wsjkw.sh.gov.cn/yqtb/index.html,上海6月18日无新增本地新冠肺炎确诊病例 无新增境外输入性新冠肺炎确诊病例,
1651714130-972,https://wsjkw.sh.gov.cn/yqtb/index.html,上海有4例确诊病例2月11日出院,
1651714130-675,https://wsjkw.sh.gov.cn/yqtb/index.html,上海有2例确诊病例今日出院，共计739例治愈出院,
1651714130-909,https://wsjkw.sh.gov.cn/yqtb/index.html,今天0-12时，上海新增2例 境外输入型新型冠状病毒肺炎确诊病例,
1651714130-320,https://wsjkw.sh.gov.cn/yqtb/index.html,上海2021年8月3日，无新增本地新冠肺炎确诊病例 新增境外输入2例,
1651714130-531,https://wsjkw.sh.gov.cn/yqtb/index.html,上海2021年1月2日，无新增本地新冠肺炎确诊病例 新增境外输入6例   治愈出院4例,
1651714130-880,https://wsjkw.sh.gov.cn/yqtb/index.html,上海3月30日无新增本地新冠肺炎确诊病例，新增境外输入11例,
1651714130-453,https://wsjkw.sh.gov.cn/yqtb/index.html,上海2021年3月21日，无新增本地新冠肺炎确诊病例 新增境外输入3例 治愈出院3例,
1651714130-83,https://wsjkw.sh.gov.cn/yqtb/index.html,3月23日（0-24时）本市各区确诊病例、无症状感染者居住地信息,
1651714130-98,https://wsjkw.sh.gov.cn/yqtb/index.html,上海2022年3月14日，新增本土新冠肺炎确诊病例9例 新增本土无症状感染者130例 新增境外输入性新冠肺炎确诊病例12例 新增境外输入性无症状感染者3例 治愈出院15例  解除医学观察无症状感染者9例,
1651714130-520,https://wsjkw.sh.gov.cn/yqtb/index.html,上海2021年1月13日，无新增本地新冠肺炎确诊病例 新增境外输入8例  治愈出院4例,
1651714130-266,https://wsjkw.sh.gov.cn/yqtb/index.html,上海2021年9月23日，无新增本地新冠肺炎确诊病例 新增境外输入9例 治愈出院5例,
1651714130-518,https://wsjkw.sh.gov.cn/yqtb/index.html,上海2021年1月15日，无新增本地新冠肺炎确诊病例 新增境外输入7例  治愈出院2例,
1651714130-891,https://wsjkw.sh.gov.cn/yqtb/index.html,上海公布昨日（0-24时） 境外输入关联病例涉及区域和场所情况,
1651714130-788,https://wsjkw.sh.gov.cn/yqtb/index.html,上海有3例确诊病例今日出院，共计645例治愈出院,
1651714130-981,https://wsjkw.sh.gov.cn/yqtb/index.html,上海有11例确诊病例2月8日出院,
1651714130-243,https://wsjkw.sh.gov.cn/yqtb/index.html,外省通报离沪旅游的6名确诊病例和1名无症状感染者，其在沪相关人员和场所核酸检测结果均为阴性,
1651714130-287,https://wsjkw.sh.gov.cn/yqtb/index.html,上海2021年8月31日，无新增本地新冠肺炎确诊病例 新增境外输入3例  治愈出院6例,
1651714130-114,https://wsjkw.sh.gov.cn/yqtb/index.html,上海2022年2月27日，无新增本土新冠肺炎确诊病例 新增本土无症状感染者1例 新增境外输入性新冠肺炎确诊病例45例 新增境外输入性无症状感染者10例 治愈出院10例,
1651714130-20,https://wsjkw.sh.gov.cn/yqtb/index.html,上海2022年4月24日，新增本土新冠肺炎确诊病例2472例 新增本土无症状感染者16983例 无新增境外输入性新冠肺炎确诊病例 新增境外输入性无症状感染者1例,
1651714130-645,https://wsjkw.sh.gov.cn/yqtb/index.html,上海9月11日无新增本地新冠肺炎确诊病例 新增境外输入2例  治愈出院4例,
1651714130-224,https://wsjkw.sh.gov.cn/yqtb/index.html,上海2021年11月6日，无新增本地新冠肺炎确诊病例 新增境外输入3例  治愈出院1例,
1651714130-424,https://wsjkw.sh.gov.cn/yqtb/index.html,上海2021年4月21日，无新增本地新冠肺炎确诊病例 新增境外输入1例,
1651714130-220,https://wsjkw.sh.gov.cn/yqtb/index.html,上海2021年11月11日，无新增本地新冠肺炎确诊病例 新增境外输入6例  治愈出院6例,
1651714130-326,https://wsjkw.sh.gov.cn/yqtb/index.html,上海2021年7月29日，无新增本地新冠肺炎确诊病例 新增境外输入7例  治愈出院3例,
1651714130-183,https://wsjkw.sh.gov.cn/yqtb/index.html,上海2021年12月22日，无新增本土新冠肺炎确诊病例 新增境外输入11例 治愈出院6例,
1651714130-336,https://wsjkw.sh.gov.cn/yqtb/index.html,上海2021年7月19日，无新增本地新冠肺炎确诊病例 新增境外输入3例 治愈出院3例,
1651714130-392,https://wsjkw.sh.gov.cn/yqtb/index.html,上海2021年5月23日，无新增本地新冠肺炎确诊病例 新增境外输入3例 治愈出院0例,
1651714130-770,https://wsjkw.sh.gov.cn/yqtb/index.html,上海5月29日无新增本地新冠肺炎确诊病例 新增境外输入1例  治愈出院2例,
1651714130-491,https://wsjkw.sh.gov.cn/yqtb/index.html,上海2021年2月9日，无新增本地新冠肺炎确诊病例 新增境外输入6例  治愈出院4例,
1651714130-144,https://wsjkw.sh.gov.cn/yqtb/index.html,上海2022年1月28日，无新增本土新冠肺炎确诊病例 新增境外输入10例  治愈出院29例 解除医学观察无症状感染者1例,
1651714130-226,https://wsjkw.sh.gov.cn/yqtb/index.html,上海2021年11月3日，无新增本地新冠肺炎确诊病例 新增境外输入3例  治愈出院2例,
1651714130-618,https://wsjkw.sh.gov.cn/yqtb/index.html,上海10月8日无新增本地新冠肺炎确诊病例 新增境外输入6例  治愈出院5例,
1651714130-899,https://wsjkw.sh.gov.cn/yqtb/index.html,上海3月19日无新增本地新冠肺炎确诊病例， 新增境外输入8例,
1651714130-1,https://wsjkw.sh.gov.cn/yqtb/index.html,5月3日（0-24时）本市各区确诊病例、无症状感染者居住地信息,
1651714130-480,https://wsjkw.sh.gov.cn/yqtb/index.html,上海2021年2月22日，无新增本地新冠肺炎确诊病例 无新增境外输入性确诊病例 治愈出院6例,
1651714130-812,https://wsjkw.sh.gov.cn/yqtb/index.html,上海5月6日无新增本地新冠肺炎确诊病例 新增境外输入1例,
1651714130-397,https://wsjkw.sh.gov.cn/yqtb/index.html,上海2021年5月18日，无新增本地新冠肺炎确诊病例 新增境外输入9例 治愈出院4例,
1651714130-259,https://wsjkw.sh.gov.cn/yqtb/index.html,上海2021年10月2日，无新增本地新冠肺炎确诊病例 新增境外输入7例  治愈出院5例,
1651714130-746,https://wsjkw.sh.gov.cn/yqtb/index.html,上海有1例确诊病例今日出院，共计668例治愈出院,
1651714130-136,https://wsjkw.sh.gov.cn/yqtb/index.html,上海2022年2月5日，无新增本土新冠肺炎确诊病例 新增境外输入12例  治愈出院21例 解除医学观察无症状感染者2例,
1651714130-577,https://wsjkw.sh.gov.cn/yqtb/index.html,上海11月18日无新增本地新冠肺炎确诊病例 新增境外输入1例  治愈出院8例,
1651714130-767,https://wsjkw.sh.gov.cn/yqtb/index.html,上海有3例确诊病例今日出院，共计660例治愈出院,
1651714130-139,https://wsjkw.sh.gov.cn/yqtb/index.html,上海2022年2月2日，无新增本土新冠肺炎确诊病例 新增境外输入9例  治愈出院11例,
1651714130-339,https://wsjkw.sh.gov.cn/yqtb/index.html,上海2021年7月16日，无新增本地新冠肺炎确诊病例 新增境外输入3例 治愈出院5例,
1651714130-953,https://wsjkw.sh.gov.cn/yqtb/index.html,上海新增3例新型冠状病毒肺炎确诊病例,
1651714130-290,https://wsjkw.sh.gov.cn/yqtb/index.html,上海2021年8月28日，无新增本地新冠肺炎确诊病例 新增境外输入5例  治愈出院8例,
1651714130-295,https://wsjkw.sh.gov.cn/yqtb/index.html,本市筛查8月24日确诊的2例病例相关人员7904人，核酸检测结果均为阴性,
1651714130-39,https://wsjkw.sh.gov.cn/yqtb/index.html,4月14日（0-24时）本市各区确诊病例、无症状感染者居住地信息,
1651714130-853,https://wsjkw.sh.gov.cn/yqtb/index.html,上海有10例确诊病例今日出院，共计468例治愈出院,
1651714130-213,https://wsjkw.sh.gov.cn/yqtb/index.html,上海2021年11月18日，无新增本地新冠肺炎确诊病例 新增境外输入7例  治愈出院5例,
1651714130-61,https://wsjkw.sh.gov.cn/yqtb/index.html,4月3日（0-24时）本市各区确诊病例、无症状感染者居住地信息,
1651714130-970,https://wsjkw.sh.gov.cn/yqtb/index.html,上海公布2月10日（0-24时）确诊病例涉及区域和场所情况,
1651714130-875,https://wsjkw.sh.gov.cn/yqtb/index.html,上海4月2日无新增本地新冠肺炎确诊病例 新增境外输入4例,
1651714130-684,https://wsjkw.sh.gov.cn/yqtb/index.html,上海8月5日无新增本地新冠肺炎确诊病例 新增境外输入5例,
1651714130-942,https://wsjkw.sh.gov.cn/yqtb/index.html,今天0-12时，上海新增1例新型冠状病毒肺炎确诊病例,
1651714130-84,https://wsjkw.sh.gov.cn/yqtb/index.html,上海2022年3月23日，新增本土新冠肺炎确诊病例4例 新增本土无症状感染者979例 新增境外输入性新冠肺炎确诊病例10例 新增境外输入性无症状感染者3例 治愈出院81例  解除医学观察无症状感染者230例,
1651714130-630,https://wsjkw.sh.gov.cn/yqtb/index.html,上海9月26日无新增本地新冠肺炎确诊病例 新增境外输入1例  治愈出院2例,
1651714130-817,https://wsjkw.sh.gov.cn/yqtb/index.html,上海有2例确诊病例今日出院，共计615例治愈出院,
1651714130-395,https://wsjkw.sh.gov.cn/yqtb/index.html,上海2021年5月20日，无新增本地新冠肺炎确诊病例 新增境外输入9例 治愈出院6例,
1651714130-917,https://wsjkw.sh.gov.cn/yqtb/index.html,今天0-12时，上海新增2例输入型新型冠状病毒肺炎确诊病例,
1651714130-4,https://wsjkw.sh.gov.cn/yqtb/index.html,上海2022年5月2日，新增本土新冠肺炎确诊病例274例 新增本土无症状感染者5395例 无境外输入性新冠肺炎确诊病例 新增境外输入性无症状感染者1例,
1651714130-62,https://wsjkw.sh.gov.cn/yqtb/index.html,上海2022年4月3日，新增本土新冠肺炎确诊病例425例 新增本土无症状感染者8581例 新增境外输入性新冠肺炎确诊病例8例 新增境外输入性无症状感染者4例 治愈出院30例,
1651714130-619,https://wsjkw.sh.gov.cn/yqtb/index.html,上海10月7日无新增本地新冠肺炎确诊病例 新增境外输入5例  治愈出院6例,
1651714130-787,https://wsjkw.sh.gov.cn/yqtb/index.html,市卫健委通报：上海今天上午新增一例新冠肺炎确诊病例,
1651714130-16,https://wsjkw.sh.gov.cn/yqtb/index.html,上海2022年4月26日，新增本土新冠肺炎确诊病例1606例 新增本土无症状感染者11956例 无新增境外输入性新冠肺炎确诊病例 无新增境外输入性无症状感染者,
1651714130-294,https://wsjkw.sh.gov.cn/yqtb/index.html,上海2021年8月25日，无新增本地新冠肺炎确诊病例 新增境外输入3例  治愈出院6例,
1651714130-334,https://wsjkw.sh.gov.cn/yqtb/index.html,上海2021年7月21日，无新增本地新冠肺炎确诊病例 新增境外输入2例 治愈出院3例,
1651714130-665,https://wsjkw.sh.gov.cn/yqtb/index.html,上海8月22日无新增本地新冠肺炎确诊病例 无新增境外输入性新冠肺炎确诊病例 治愈出院3例,
1651714130-150,https://wsjkw.sh.gov.cn/yqtb/index.html,上海2022年1月23日，无新增本土新冠肺炎确诊病例 新增境外输入22例 治愈出院45例,
1651714130-715,https://wsjkw.sh.gov.cn/yqtb/index.html,上海7月11日无新增本地新冠肺炎确诊病例 新增境外输入2例,
1651714130-808,https://wsjkw.sh.gov.cn/yqtb/index.html,上海有3例确诊病例今日出院，共计626例治愈出院,
1651714130-338,https://wsjkw.sh.gov.cn/yqtb/index.html,上海2021年7月17日，无新增本地新冠肺炎确诊病例 新增境外输入1例 治愈出院10例,
1651714130-515,https://wsjkw.sh.gov.cn/yqtb/index.html,上海2021年1月18日无新增本地新冠肺炎确诊病例 新增境外输入4例  治愈出院4例,
1651714130-526,https://wsjkw.sh.gov.cn/yqtb/index.html,上海2021年1月7日，无新增本地新冠肺炎确诊病例 新增境外输入8例  治愈出院3例,
1651714130-676,https://wsjkw.sh.gov.cn/yqtb/index.html,上海8月12日无新增本地新冠肺炎确诊病例 新增境外输入2例,
1651714130-229,https://wsjkw.sh.gov.cn/yqtb/index.html,上海2021年10月31日，无新增本地新冠肺炎确诊病例 新增境外输入9例  治愈出院2例,
1651714130-221,https://wsjkw.sh.gov.cn/yqtb/index.html,上海2021年11月10日，无新增本地新冠肺炎确诊病例 新增境外输入4例  治愈出院2例,
1651714130-941,https://wsjkw.sh.gov.cn/yqtb/index.html,上海无新增新型冠状病毒肺炎确诊病例,
1651714130-69,https://wsjkw.sh.gov.cn/yqtb/index.html,3月30日（0-24时）本市各区确诊病例、无症状感染者居住地信息,
1651714130-193,https://wsjkw.sh.gov.cn/yqtb/index.html,上海2021年12月12日，无新增本土新冠肺炎确诊病例 新增境外输入5例  治愈出院3例,
1651714130-545,https://wsjkw.sh.gov.cn/yqtb/index.html,上海12月19日无新增本地新冠肺炎确诊病例 新增境外输入11例  治愈出院10例,
1651714130-27,https://wsjkw.sh.gov.cn/yqtb/index.html,4月20日（0-24时）本市各区确诊病例、无症状感染者居住地信息,
1651714130-993,https://wsjkw.sh.gov.cn/yqtb/index.html,快讯！上海今天又有2例确诊病例痊愈出院，目前共有12例出院,
1651714130-378,https://wsjkw.sh.gov.cn/yqtb/index.html,上海2021年6月6日，无新增本地新冠肺炎确诊病例 新增境外输入4例,
1651714130-148,https://wsjkw.sh.gov.cn/yqtb/index.html,上海2022年1月24日，新增本土新冠肺炎确诊病例1例 新增境外输入10例  治愈出院13例 解除医学观察无症状感染者2例,
1651714130-462,https://wsjkw.sh.gov.cn/yqtb/index.html,上海2021年3月12日，无新增本地新冠肺炎确诊病例 新增境外输入2例 治愈出院1例,
1651714130-652,https://wsjkw.sh.gov.cn/yqtb/index.html,上海9月4日无新增本地新冠肺炎确诊病例 新增境外输入3例  治愈出院6例,
1651714130-359,https://wsjkw.sh.gov.cn/yqtb/index.html,上海2021年6月25日，无新增本地新冠肺炎确诊病例 新增境外输入3例 治愈出院5例,
1651714130-784,https://wsjkw.sh.gov.cn/yqtb/index.html,上海5月21日无新增本地新冠肺炎确诊病例 无新增境外输入性新冠肺炎确诊病例 新增治愈出院1例,
1651714130-906,https://wsjkw.sh.gov.cn/yqtb/index.html,昨日12-24时，上海新增2例境外输入型新型冠状病毒肺炎确诊病例,
1651714130-96,https://wsjkw.sh.gov.cn/yqtb/index.html,“随申办”上线“居家健康监测证明”服务，部分区已可使用,
1651714130-992,https://wsjkw.sh.gov.cn/yqtb/index.html,快讯！市卫健委通报7月龄女婴病例情况,
1651714130-280,https://wsjkw.sh.gov.cn/yqtb/index.html,上海2021年9月7日，无新增本地新冠肺炎确诊病例 新增境外输入6例  治愈出院2例,
1651714130-628,https://wsjkw.sh.gov.cn/yqtb/index.html,上海9月28日无新增本地新冠肺炎确诊病例 新增境外输入5例  治愈出院3例,
1651714130-637,https://wsjkw.sh.gov.cn/yqtb/index.html,上海9月19日无新增本地新冠肺炎确诊病例 新增境外输入4例   治愈出院6例,
1651714130-468,https://wsjkw.sh.gov.cn/yqtb/index.html,上海2021年3月6日，无新增本地新冠肺炎确诊病例 新增境外输入2例 治愈出院1例,
1651714130-116,https://wsjkw.sh.gov.cn/yqtb/index.html,上海2022年2月25日，无新增本土新冠肺炎确诊病例 新增本土无症状感染者1例 新增境外输入性新冠肺炎确诊病例55例 新增境外输入性无症状感染者19例 治愈出院10例,
1651714130-194,https://wsjkw.sh.gov.cn/yqtb/index.html,上海2021年12月11日，无新增本土新冠肺炎确诊病例 新增境外输入8例  治愈出院2例,
1651714130-668,https://wsjkw.sh.gov.cn/yqtb/index.html,上海8月19日0-24时，无新增本地新冠肺炎确诊病例 新增境外输入1例  治愈出院15例,
1651714130-932,https://wsjkw.sh.gov.cn/yqtb/index.html,上海有3例确诊病例2月28日出院,
1651714130-742,https://wsjkw.sh.gov.cn/yqtb/index.html,上海6月20日无新增本地新冠肺炎确诊病例 无新增境外输入性新冠肺炎确诊病例,
1651714130-405,https://wsjkw.sh.gov.cn/yqtb/index.html,上海2021年5月10日，无新增本地新冠肺炎确诊病例 新增境外输入4例 治愈出院2例,
1651714130-587,https://wsjkw.sh.gov.cn/yqtb/index.html,上海11月8日无新增本地新冠肺炎确诊病例 新增境外输入13例  治愈出院7例,
1651714130-761,https://wsjkw.sh.gov.cn/yqtb/index.html,上海有1例确诊病例今日出院，共计663例治愈出院,
1651714130-680,https://wsjkw.sh.gov.cn/yqtb/index.html,上海8月9日无新增本地新冠肺炎确诊病例 新增境外输入18例  治愈出院1例,
1651714130-341,https://wsjkw.sh.gov.cn/yqtb/index.html,上海2021年7月14日，无新增本地新冠肺炎确诊病例 无新增境外输入病例 治愈出院7例,
1651714130-1002,https://wsjkw.sh.gov.cn/yqtb/index.html,上海今天有两例确诊病例痊愈出院,
1651714130-593,https://wsjkw.sh.gov.cn/yqtb/index.html,上海11月2日无新增本地新冠肺炎确诊病例 新增境外输入9例  出院11例,
1651714130-292,https://wsjkw.sh.gov.cn/yqtb/index.html,本市筛查8月26日确诊本土病例相关人员11938人，核酸检测结果均为阴性,
1651714130-268,https://wsjkw.sh.gov.cn/yqtb/index.html,上海2021年9月21日，无新增本地新冠肺炎确诊病例 新增境外输入6例  治愈出院4例,
1651714130-878,https://wsjkw.sh.gov.cn/yqtb/index.html,上海3月31日无新增本地新冠肺炎确诊病例新增境外输入7例 治愈出院3例 死亡1例,
1651714130-648,https://wsjkw.sh.gov.cn/yqtb/index.html,上海9月8日无新增本地新冠肺炎确诊病例 新增境外输入1例  治愈出院3例,
1651714130-959,https://wsjkw.sh.gov.cn/yqtb/index.html,市卫健委公布2月14日新增7名武汉来沪确诊病例情况,
1651714130-418,https://wsjkw.sh.gov.cn/yqtb/index.html,上海2021年4月27日，无新增本地新冠肺炎确诊病例 新增境外输入2例 治愈出院3例,
1651714130-881,https://wsjkw.sh.gov.cn/yqtb/index.html,上海有4例确诊病例今日出院，共计338例治愈出院,
1651714130-137,https://wsjkw.sh.gov.cn/yqtb/index.html,上海2022年2月4日，无新增本土新冠肺炎确诊病例 新增境外输入7例  治愈出院16例 解除医学观察无症状感染者2例,
1651714130-53,https://wsjkw.sh.gov.cn/yqtb/index.html,4月7日（0-24时）本市各区确诊病例、无症状感染者居住地信息,
1651714130-514,https://wsjkw.sh.gov.cn/yqtb/index.html,上海2021年1月19日无新增本地新冠肺炎确诊病例 新增境外输入4例  治愈出院3例,
1651714130-22,https://wsjkw.sh.gov.cn/yqtb/index.html,上海2022年4月23日，新增本土新冠肺炎确诊病例1401例 新增本土无症状感染者19657例 无新增境外输入性新冠肺炎确诊病例 无新增境外输入性无症状感染者,
1651714130-831,https://wsjkw.sh.gov.cn/yqtb/index.html,上海有10例确诊病例今日出院，共计568例治愈出院,
1651714130-729,https://wsjkw.sh.gov.cn/yqtb/index.html,上海有2例确诊病例今日出院，共计677例治愈出院,
1651714130-945,https://wsjkw.sh.gov.cn/yqtb/index.html,上海公布2月20日（0-24时） 确诊病例涉及区域和场所情况,
1651714130-501,https://wsjkw.sh.gov.cn/yqtb/index.html,上海2021年1月30日，无新增本地新冠肺炎确诊病例 新增境外输入7例  治愈出院3例,
1651714130-448,https://wsjkw.sh.gov.cn/yqtb/index.html,上海2021年3月27日，无新增本地新冠肺炎确诊病例 新增境外输入2例 治愈出院1例,
1651714130-884,https://wsjkw.sh.gov.cn/yqtb/index.html,上海3月27日无新增本地新冠肺炎确诊病例 新增境外输入17例  治愈出院3例,
1651714130-215,https://wsjkw.sh.gov.cn/yqtb/index.html,上海2021年11月16日，无新增本地新冠肺炎确诊病例 新增境外输入1例  治愈出院4例,
1651714130-145,https://wsjkw.sh.gov.cn/yqtb/index.html,上海2022年1月27日，无新增本土新冠肺炎确诊病例 新增境外输入7例  治愈出院28例 解除医学观察无症状感染者1例,
1651714130-937,https://wsjkw.sh.gov.cn/yqtb/index.html,上海有7例确诊病例2月25日出院,
1651714130-357,https://wsjkw.sh.gov.cn/yqtb/index.html,上海2021年6月28日，无新增本地新冠肺炎确诊病例 新增境外输入1例 治愈出院1例,
1651714130-544,https://wsjkw.sh.gov.cn/yqtb/index.html,上海12月20日无新增本地新冠肺炎确诊病例 新增境外输入8例  治愈出院5例,
1651714130-415,https://wsjkw.sh.gov.cn/yqtb/index.html,上海2021年4月30日，无新增本地新冠肺炎确诊病例 新增境外输入3例 治愈出院5例,
1651714130-126,https://wsjkw.sh.gov.cn/yqtb/index.html,上海2022年2月15日，无新增本土新冠肺炎确诊病例 新增境外输入13例  治愈出院11例,
1651714130-555,https://wsjkw.sh.gov.cn/yqtb/index.html,上海12月9日无新增本地新冠肺炎确诊病例 新增境外输入9例  治愈出院2例,
1651714130-263,https://wsjkw.sh.gov.cn/yqtb/index.html,上海2021年9月26日，无新增本地新冠肺炎确诊病例 新增境外输入1例  治愈出院7例,
1651714130-882,https://wsjkw.sh.gov.cn/yqtb/index.html,上海昨日无新增本地新冠肺炎确诊病例，新增境外输入6例,
1651714130-702,https://wsjkw.sh.gov.cn/yqtb/index.html,上海7月21日无新增本地新冠肺炎确诊病例 新增境外输入2例  治愈出院1例,
1651714130-894,https://wsjkw.sh.gov.cn/yqtb/index.html,【快讯】上海已排查判定济南新增1例境外输入病例17名密切接触者,
1651714130-877,https://wsjkw.sh.gov.cn/yqtb/index.html,上海没有处在医学观察中的无症状感染者，一直严格按照确诊病例管控,
1651714130-944,https://wsjkw.sh.gov.cn/yqtb/index.html,上海有12例确诊病例2月21日出院,
1651714130-801,https://wsjkw.sh.gov.cn/yqtb/index.html,上海5月13日无新增本地新冠肺炎确诊病例 无新增境外输入性新冠肺炎确诊病例 新增治愈出院2例,
1651714130-689,https://wsjkw.sh.gov.cn/yqtb/index.html,上海7月31日无新增本地新冠肺炎确诊病例 新增境外输入4例  治愈出院2例,
1651714130-264,https://wsjkw.sh.gov.cn/yqtb/index.html,上海2021年9月25日，无新增本地新冠肺炎确诊病例 新增境外输入2例  治愈出院2例,
1651714130-977,https://wsjkw.sh.gov.cn/yqtb/index.html,上海新增1例新型冠状病毒感染的肺炎确诊病例,
1651714130-905,https://wsjkw.sh.gov.cn/yqtb/index.html,今天又有1例确诊病例痊愈出院，累计325人,
1651714130-18,https://wsjkw.sh.gov.cn/yqtb/index.html,上海2022年4月25日，新增本土新冠肺炎确诊病例1661例 新增本土无症状感染者15319例 无新增境外输入性新冠肺炎确诊病例 无新增境外输入性无症状感染者,
1651714130-955,https://wsjkw.sh.gov.cn/yqtb/index.html,上海公布2月15日（0-24时） 确诊病例涉及区域和场所情况,
1651714130-209,https://wsjkw.sh.gov.cn/yqtb/index.html,上海2021年11月22日，无新增本地新冠肺炎确诊病例 新增境外输入2例  治愈出院6例,
1651714130-843,https://wsjkw.sh.gov.cn/yqtb/index.html,上海有5例确诊病例今日出院，共计521例治愈出院,
1651714130-627,https://wsjkw.sh.gov.cn/yqtb/index.html,上海9月29日无新增本地新冠肺炎确诊病例 新增境外输入2例  治愈出院3例,
1651714130-255,https://wsjkw.sh.gov.cn/yqtb/index.html,上海2021年10月6日，无新增本地新冠肺炎确诊病例 新增境外输入4例  治愈出院7例,
1651714130-583,https://wsjkw.sh.gov.cn/yqtb/index.html,上海11月12日无新增本地新冠肺炎确诊病例 新增境外输入3例  治愈出院7例,
1651714130-889,https://wsjkw.sh.gov.cn/yqtb/index.html,上海昨日无新增本地新冠肺炎确诊病例 新增境外输入19例 治愈出院1例 死亡1例,
1651714130-935,https://wsjkw.sh.gov.cn/yqtb/index.html,上海有4例确诊病例2月26日出院,
1651714130-984,https://wsjkw.sh.gov.cn/yqtb/index.html,【最新】上海又有5例确诊病例今早痊愈出院，目前共30例出院,
1651714130-809,https://wsjkw.sh.gov.cn/yqtb/index.html,上海5月8日无新增本地新冠肺炎确诊病例 无新增境外输入性新冠肺炎确诊病例,
1651714130-188,https://wsjkw.sh.gov.cn/yqtb/index.html,上海2021年12月17日 新增本土新冠肺炎确诊病例1例 新增境外输入12例  治愈出院4例,
1651714130-738,https://wsjkw.sh.gov.cn/yqtb/index.html,上海6月23日无新增本地新冠肺炎确诊病例 新增境外输入2例,
1651714130-550,https://wsjkw.sh.gov.cn/yqtb/index.html,上海12月14日无新增本地新冠肺炎确诊病例 新增境外输入3例 治愈出院6例,
1651714130-562,https://wsjkw.sh.gov.cn/yqtb/index.html,上海12月2日无新增本地新冠肺炎确诊病例 新增境外输入8例  治愈出院1例,
1651714130-118,https://wsjkw.sh.gov.cn/yqtb/index.html,上海2022年2月23日，无新增本土新冠肺炎确诊病例 新增境外输入性新冠肺炎确诊病例24例 新增境外输入性无症状感染者8例 治愈出院8例,
1651714130-592,https://wsjkw.sh.gov.cn/yqtb/index.html,上海11月3日无新增本地新冠肺炎确诊病例 新增境外输入4例  治愈出院5例,
1651714130-724,https://wsjkw.sh.gov.cn/yqtb/index.html,上海7月4日无新增本地新冠肺炎确诊病例 新增境外输入1例,
1651714130-879,https://wsjkw.sh.gov.cn/yqtb/index.html,上海今天又有3例确诊病例痊愈出院，累计341人,
1651714130-393,https://wsjkw.sh.gov.cn/yqtb/index.html,上海2021年5月22日，无新增本地新冠肺炎确诊病例 新增境外输入4例 治愈出院1例,
1651714130-826,https://wsjkw.sh.gov.cn/yqtb/index.html,关于公开征求《食品安全地方标准预包装冷藏膳食》等2项食品安全地方标准意见的函（已结束）,
1651714130-629,https://wsjkw.sh.gov.cn/yqtb/index.html,上海9月27日无新增本地新冠肺炎确诊病例 新增境外输入10例  治愈出院2例,
1651714130-455,https://wsjkw.sh.gov.cn/yqtb/index.html,上海2021年3月19日，无新增本地新冠肺炎确诊病例 无新增境外输入病例,
1651714130-964,https://wsjkw.sh.gov.cn/yqtb/index.html,上海公布2月12日（0-24时）确诊病例涉及区域和场所情况,
1651714130-256,https://wsjkw.sh.gov.cn/yqtb/index.html,上海2021年10月5日 无新增本地新冠肺炎确诊病例 新增境外输入4例  治愈出院1例,
1651714130-291,https://wsjkw.sh.gov.cn/yqtb/index.html,上海2021年8月27日，无新增本地新冠肺炎确诊病例 新增境外输入4例  治愈出院8例,
1651714130-818,https://wsjkw.sh.gov.cn/yqtb/index.html,上海5月2日无新增本地新冠肺炎确诊病例 新增境外输入1例 治愈出院1例,
1651714130-324,https://wsjkw.sh.gov.cn/yqtb/index.html,上海2021年7月31日，无新增本地新冠肺炎确诊病例 新增境外输入5例  治愈出院9例,
1651714130-457,https://wsjkw.sh.gov.cn/yqtb/index.html,上海2021年3月17日，无新增本地新冠肺炎确诊病例 新增境外输入2例 治愈出院5例,
1651714130-802,https://wsjkw.sh.gov.cn/yqtb/index.html,上海有2例确诊病例今日出院，共计633例治愈出院,
1651714130-267,https://wsjkw.sh.gov.cn/yqtb/index.html,上海2021年9月22日，无新增本地新冠肺炎确诊病例 新增境外输入2例  治愈出院5例,
1651714130-780,https://wsjkw.sh.gov.cn/yqtb/index.html,上海有1例确诊病例今日出院，共计648例治愈出院,
1651714130-997,https://wsjkw.sh.gov.cn/yqtb/index.html,上海新增7例新型冠状病毒感染的肺炎确诊病例,
1651714130-289,https://wsjkw.sh.gov.cn/yqtb/index.html,上海2021年8月29日，无新增本地新冠肺炎确诊病例 新增境外输入5例  治愈出院4例,
1651714130-354,https://wsjkw.sh.gov.cn/yqtb/index.html,上海2021年7月1日，无新增本地新冠肺炎确诊病例 新增境外输入3例 治愈出院4例,
1651714130-586,https://wsjkw.sh.gov.cn/yqtb/index.html,上海11月9日新增1例本地新冠肺炎确诊病例 新增境外输入4例  治愈出院8例,
1651714130-533,https://wsjkw.sh.gov.cn/yqtb/index.html,上海12月31日无新增本地新冠肺炎确诊病例 新增境外输入5例  治愈出院7例,
1651714130-903,https://wsjkw.sh.gov.cn/yqtb/index.html,上海昨日无新增本地新冠肺炎确诊病例，新增境外输入3例，治愈出院1例,
1651714130-769,https://wsjkw.sh.gov.cn/yqtb/index.html,上海5月30日无新增本地新冠肺炎确诊病例 无新增境外输入性新冠肺炎确诊病例,
1651714130-910,https://wsjkw.sh.gov.cn/yqtb/index.html,昨日12-24时，上海新增4例 境外输入型新型冠状病毒肺炎确诊病例,
1651714130-704,https://wsjkw.sh.gov.cn/yqtb/index.html,上海有2例确诊病例今日出院，共计708例治愈出院,
1651714130-481,https://wsjkw.sh.gov.cn/yqtb/index.html,上海2021年2月20日，无新增本地新冠肺炎确诊病例 新增境外输入病例3例 治愈出院3例,
1651714130-623,https://wsjkw.sh.gov.cn/yqtb/index.html,上海10月3日无新增本地新冠肺炎确诊病例 新增境外输入1例  治愈出院2例,
1651714130-467,https://wsjkw.sh.gov.cn/yqtb/index.html,上海2021年3月7日，无新增本地新冠肺炎确诊病例 新增境外输入5例 治愈出院5例,
1651714130-173,https://wsjkw.sh.gov.cn/yqtb/index.html,上海2021年12月31日，无新增本土新冠肺炎确诊病例 新增境外输入10例 治愈出院6例,
1651714130-967,https://wsjkw.sh.gov.cn/yqtb/index.html,上海新增5例新型冠状病毒肺炎确诊病例,
1651714130-861,https://wsjkw.sh.gov.cn/yqtb/index.html,上海有13例确诊病例今日出院，共计435例治愈出院,
1651714130-218,https://wsjkw.sh.gov.cn/yqtb/index.html,上海2021年11月13日，无新增本地新冠肺炎确诊病例 新增境外输入5例  治愈出院5例,
1651714130-642,https://wsjkw.sh.gov.cn/yqtb/index.html,上海9月14日无新增本地新冠肺炎确诊病例 新增境外输入1例  治愈出院3例,
1651714130-60,https://wsjkw.sh.gov.cn/yqtb/index.html,上海2022年4月4日，新增本土新冠肺炎确诊病例268例 新增本土无症状感染者13086例 新增境外输入性新冠肺炎确诊病例3例 新增境外输入性无症状感染者2例 治愈出院27例,
1651714130-524,https://wsjkw.sh.gov.cn/yqtb/index.html,上海2021年1月9日，无新增本地新冠肺炎确诊病例 新增境外输入4例  治愈出院3例,
1651714130-127,https://wsjkw.sh.gov.cn/yqtb/index.html,上海2022年2月14日，无新增本土新冠肺炎确诊病例 新增境外输入6例  治愈出院13例,
1651714130-717,https://wsjkw.sh.gov.cn/yqtb/index.html,上海7月9日无新增本地新冠肺炎确诊病例 新增境外输入1例,
1651714130-389,https://wsjkw.sh.gov.cn/yqtb/index.html,上海2021年5月26日，无新增本地新冠肺炎确诊病例 新增境外输入1例 治愈出院4例,
1651714130-872,https://wsjkw.sh.gov.cn/yqtb/index.html,上海有8例确诊病例今日出院，共计356例治愈出院,
1651714130-200,https://wsjkw.sh.gov.cn/yqtb/index.html,上海2021年12月6日，无新增本土新冠肺炎确诊病例 新增境外输入5例  治愈出院10例,
1651714130-714,https://wsjkw.sh.gov.cn/yqtb/index.html,上海7月12日无新增本地新冠肺炎确诊病例 新增境外输入1例,
1651714130-796,https://wsjkw.sh.gov.cn/yqtb/index.html,上海有1例确诊病例今日出院，共计641例治愈出院,
1651714130-417,https://wsjkw.sh.gov.cn/yqtb/index.html,上海2021年4月28日，无新增本地新冠肺炎确诊病例 新增境外输入5例 治愈出院3例,
1651714130-543,https://wsjkw.sh.gov.cn/yqtb/index.html,上海12月21日无新增本地新冠肺炎确诊病例 新增境外输入6例   治愈出院1例,
1651714130-51,https://wsjkw.sh.gov.cn/yqtb/index.html,4月8日（0-24时）本市各区确诊病例、无症状感染者居住地信息,
1651714130-625,https://wsjkw.sh.gov.cn/yqtb/index.html,上海10月1日无新增本地新冠肺炎确诊病例 新增境外输入1例  治愈出院3例,
1651714130-233,https://wsjkw.sh.gov.cn/yqtb/index.html,上海2021年10月27日，无新增本地新冠肺炎确诊病例 无新增境外输入病例  治愈出院3例,
1651714130-693,https://wsjkw.sh.gov.cn/yqtb/index.html,上海有1例确诊病例今日出院，共计719例治愈出院,
1651714130-1000,https://wsjkw.sh.gov.cn/yqtb/index.html,上海今天又有1例确诊病例痊愈出院，目前共有4例出院,
1651714130-48,https://wsjkw.sh.gov.cn/yqtb/index.html,上海2022年4月10日，新增本土新冠肺炎确诊病例914例 新增本土无症状感染者25173例 新增境外输入性新冠肺炎确诊病例3例 治愈出院298例,
1651714130-866,https://wsjkw.sh.gov.cn/yqtb/index.html,上海4月7日无新增本地新冠肺炎确诊病例 新增境外输入5例  治愈出院17例  死亡1例,
1651714130-966,https://wsjkw.sh.gov.cn/yqtb/index.html,快讯！上海公布2月11日（0-24时）确诊病例涉及区域和场所情况,
1651714130-923,https://wsjkw.sh.gov.cn/yqtb/index.html,今天0-12时，上海新增1例境外输入型新型冠状病毒肺炎确诊病例,
1651714130-854,https://wsjkw.sh.gov.cn/yqtb/index.html,上海4月13日无新增本地新冠肺炎确诊病例 无新增境外输入性新冠肺炎确诊病例 治愈出院12例,
1651714130-915,https://wsjkw.sh.gov.cn/yqtb/index.html,上海有1例确诊病例3月11日出院,
1651714130-612,https://wsjkw.sh.gov.cn/yqtb/index.html,上海10月14日无新增本地新冠肺炎确诊病例 新增境外输入3例  治愈出院5例,
1651714130-125,https://wsjkw.sh.gov.cn/yqtb/index.html,上海2022年2月16日，无新增本土新冠肺炎确诊病例 新增境外输入性新冠肺炎确诊病例9例 新增境外输入性无症状感染者1例 治愈出院19例,
1651714130-472,https://wsjkw.sh.gov.cn/yqtb/index.html,上海2021年3月2日，无新增本地新冠肺炎确诊病例 无新增境外输入病例 治愈出院8例,
1651714130-720,https://wsjkw.sh.gov.cn/yqtb/index.html,上海7月7日无新增本地新冠肺炎确诊病例 无新增境外输入性新冠肺炎确诊病例 治愈出院3例,
1651714130-759,https://wsjkw.sh.gov.cn/yqtb/index.html,上海6月5日无新增本地新冠肺炎确诊病例 无新增境外输入性新冠肺炎确诊病例 治愈出院1例,
1651714130-605,https://wsjkw.sh.gov.cn/yqtb/index.html,上海10月21日无新增本地新冠肺炎确诊病例 新增境外输入8例  治愈出院5例,
1651714130-135,https://wsjkw.sh.gov.cn/yqtb/index.html,上海2022年2月6日，无新增本土新冠肺炎确诊病例 新增境外输入8例  治愈出院16例 解除医学观察无症状感染者1例,
1651714130-385,https://wsjkw.sh.gov.cn/yqtb/index.html,上海2021年5月30日，无新增本地新冠肺炎确诊病例 新增境外输入2例 治愈出院3例,
1651714130-561,https://wsjkw.sh.gov.cn/yqtb/index.html,上海12月3日无新增本地新冠肺炎确诊病例 新增境外输入9例  治愈出院5例,
1651714130-539,https://wsjkw.sh.gov.cn/yqtb/index.html,上海12月25日无新增本地新冠肺炎确诊病例 新增境外输入5例  治愈出院3例,
1651714130-12,https://wsjkw.sh.gov.cn/yqtb/index.html,上海2022年4月28日，新增本土新冠肺炎确诊病例5487例 新增本土无症状感染者9545例 新增境外输入性新冠肺炎确诊病例2例 新增境外输入性无症状感染者2例,
1651714130-26,https://wsjkw.sh.gov.cn/yqtb/index.html,上海2022年4月21日，新增本土新冠肺炎确诊病例1931例 新增本土无症状感染者15698例 无新增境外输入性新冠肺炎确诊病例 无新增境外输入性无症状感染者,
1651714130-375,https://wsjkw.sh.gov.cn/yqtb/index.html,上海2021年6月9日，无新增本地新冠肺炎确诊病例 新增境外输入7例  治愈出院5例,
1651714130-104,https://wsjkw.sh.gov.cn/yqtb/index.html,上海2022年3月9日，新增本土新冠肺炎确诊病例4例 新增本土无症状感染者76例 新增境外输入性新冠肺炎确诊病例42例 新增境外输入性无症状感染者16例 治愈出院18例  解除医学观察无症状感染者13例,
1651714130-330,https://wsjkw.sh.gov.cn/yqtb/index.html,上海2021年7月25日，无新增本地新冠肺炎确诊病例 无新增境外输入病例  治愈出院2例,
1651714130-566,https://wsjkw.sh.gov.cn/yqtb/index.html,上海11月28日无新增本地新冠肺炎确诊病例 新增境外输入3例  治愈出院9例,
